mut	P0	P1	P2	P3	P4	P5
WT	42	31	38	105	49	30
N126Y-L194P-I252M-I260R	0	1	0	1	1	0
L194P-K207E-I230K-G249E-P254H	0	0	0	0	0	1
N170I-L194P-K259N	0	1	0	0	0	0
F120L-L194P	0	1	1	1	2	2
T135A-G186V-D190N	0	0	0	1	0	0
L154F-L194P	1	1	0	0	0	4
T128S-T135P-L194P-F258L	0	0	0	0	0	1
N121H-L194P-T212A-I232S-F258L	0	1	0	0	0	0
T167P-L194P	2	2	2	0	0	1
N122T-L194P-W234G	0	1	0	0	0	0
N126Y-L194P-I226N	0	0	0	0	0	1
L194P-G256C-K259N	0	0	1	0	0	0
L194P-N216D-S262R	0	1	0	0	0	0
L194P-G240R	0	2	0	0	1	1
N121H-E123A-L194P-I260R	0	0	0	1	0	0
L194P-L251R-P254T	0	0	1	0	0	0
N122T-R141G-L194P-I214L-S228R	0	1	0	0	0	0
L164F-M168I-L194P	1	0	0	0	0	0
P169L-L194P-I260R	0	1	0	0	0	0
N133D-L194P-K259N	0	1	0	0	0	0
L151S-L194P	0	2	2	2	1	6
T128I-L194P	1	0	0	0	2	1
L194P-S247I-I260R	0	0	0	1	0	0
F193Y-L194P	0	1	0	0	1	1
S124R-L194P-S219T-R229I-N250D-I260R	0	1	0	0	0	0
L194P-P221H-I226T	0	1	0	0	0	0
F120L-L194P-Y233S	0	1	0	0	0	0
D175G-L194P	0	3	1	1	0	1
I140R-L157S-L194P	1	0	0	0	0	0
L194P-Q197H-I214L-K259N	0	0	1	0	0	0
N126S-L194P-S247R-Y257D-I260R-S262R	0	0	1	0	0	0
N121H-N133Y-L194P	0	0	0	0	1	1
L194P-S209I-I217V	0	0	0	0	0	1
T135P-L194P-N250K	0	2	0	0	0	1
L194P-Q210K-I260R	1	2	0	0	0	1
N126S-L194P	2	4	2	0	0	4
L194P-I245M-I260R	0	0	0	0	0	1
L118P-L194P-L251R	0	1	0	0	0	0
N122T-L194P-I214N	0	0	0	0	1	0
A163S-L194P	2	1	1	0	0	0
N122T-L194P-I236V	0	0	0	0	0	1
F174L-L194P	0	1	0	0	2	4
F148S-L194P-K259N	0	0	0	0	0	1
K158E-L194P-I260R	0	1	0	0	0	0
N121H-E123A-N126T-L194P-N250K-L251R-S262R	0	1	0	0	0	0
F193P-L194P-V204A-V213A-V223A-I230T-Y233H-I236T-V237A-I242T-L243P-L244P-L251P-I252T-Y257H-F258L	0	0	0	0	0	1
L194Q	0	0	0	0	0	1
N144K-H183R-L194P	0	0	1	0	0	0
N121H-L194P-F258L	0	1	1	0	0	0
K173T-L194P-I214S	0	0	0	0	0	1
N121H-L194P-F258C	0	0	1	0	0	0
E123A-E172Q-L194P	0	0	0	0	1	0
L118V-L194P	0	0	1	0	0	0
L194P-I260R-G263R	0	0	1	0	0	1
T117P-N122T-E123A-L194P-I214V-N250K-L251R	1	0	0	0	0	0
N126Y-L194P-A196T	0	1	0	0	0	0
N126Y-L194P-F258L-I260R	0	0	0	0	0	1
E119A-L194P-T235K	0	1	0	0	0	2
L194P-I232F-Y233N-L251R	0	0	0	0	0	1
E123V-L194P-K259N	0	0	1	0	0	0
L157S-L194P-I232F	0	0	1	0	0	0
L194P-P254T-I260R	0	2	0	1	0	2
F159C-L194P	0	1	0	0	0	0
N152H-L194P	0	0	0	1	0	2
T117P-L194P-S265G	0	0	0	0	0	1
L194P-P239T-L243I	0	0	0	0	1	0
N133H-L194P-I252M	0	1	0	0	0	0
E119A-L194P-I217F-I260R	0	0	0	0	0	1
P162S-L194P	1	2	2	0	1	1
M168L-L194P	1	1	2	0	0	1
E123S-L194P-A253D-P254T-I260R	0	0	0	0	0	1
L177F-L194P-Y195N	0	0	0	0	0	1
N126Y-L194P-S209R-R220S-T235K	0	0	1	0	0	0
E119A-E123D-N126H-S146I-K158Q-K160N-L194P-V213G-I260R	0	1	0	0	0	0
L194P-I214V-S228R	0	0	0	0	1	0
W127C-L194P	2	2	0	0	0	0
T117A-L194P	3	0	1	2	1	1
L164F-L194P-T212P-N216K-I226M-Y233N	0	0	0	0	0	1
E119A-N121T-L194P-R224G	0	1	0	0	0	0
I140M-L194P	0	4	1	1	0	0
K158N-L194P-L251R-I260R	1	0	0	0	0	0
N133H-T135P-L194P-I260R	1	0	0	0	0	0
F147L-L194P	2	3	1	1	2	3
F125S-L194P-I260R	1	0	0	0	0	0
K173T-I260R	0	0	0	1	0	0
E119A-N121I-N126I-H156L-K158Y-L164F-L194P	0	0	0	0	0	1
N121H-P185S-L194P	0	0	0	0	1	0
N171Y-L194P-V223I	0	1	0	0	0	0
L194P-Q211H-G218R-K259N	0	0	0	0	0	1
L194P-F258Y-S265G	0	0	0	0	0	1
L194P-P254H-I260R	1	0	0	0	0	1
L194P-R208I-I260R	0	2	0	0	0	0
N122T-L194P-L244F	0	0	0	0	1	0
L194P-V237L-I260R	0	1	0	0	0	0
L194P-S231R-K259N	0	0	0	1	0	0
L194P-R224K-N250K-P254T	0	0	1	0	0	0
T117P-N122T-E123A-N126Y-L194P	0	0	0	1	0	0
N121H-N122P-E123A-W127C-Q132P-R150I-L151F-W153C-H156P-K158N-L194P-F258L	0	0	0	1	0	0
N133H-L194P-V213G-T235K	1	0	0	0	0	0
L194P-N216D-G263R	0	1	0	0	0	0
E123K-L194P-G249E	1	0	0	0	0	0
Y161N-L194P-Y233H	0	0	0	0	1	0
L194P-D241E-F258C	0	1	0	0	0	0
F125V-L194P	0	1	0	0	0	0
L164F-L194P	1	11	4	2	2	7
F174I-L194P-S205P	0	1	0	0	0	0
N126T-T135P-L194P	0	0	0	1	0	1
L194P-K238R-L244F-I245L-N250K-L251R-A253D-P254I-Y257H-I260R-S262G	0	1	0	0	0	0
N122S-R141K-L194P	0	0	0	1	0	0
Q132E-L194P-I260R	0	0	0	0	0	1
N145Y-K173Q-L194P-I252M-F258C-I260R	0	1	0	0	0	0
I252M	0	0	0	0	1	0
E119A-N121H-N145H-L194P-I232S	0	1	0	0	0	0
K173Q-L194P-F258V-I260R	0	0	1	0	0	0
H184L-L194P-I226M	0	0	0	0	1	0
N121I-L194P	0	1	1	3	0	2
N122T-N133H-L194P-I245M	0	1	0	0	0	0
T135P-L194P-I236R-L251R	0	1	0	0	0	0
L194P-R201I	0	0	0	1	0	0
L194P-R201K	0	1	1	1	0	0
G186V-T248A-I252M	0	0	0	1	0	0
L194P-R201G	1	2	1	0	0	1
N171T-L194P-L251R	0	0	1	0	0	0
L194P-I236R-L243R	0	1	0	0	0	0
L194P-G218R-S228G-I230K-S231R-D241N-T248A-R255K	0	1	0	0	0	0
L194P-R201T	1	0	0	0	0	0
E123A-F147S-N152I-L194P	0	0	1	0	0	0
Q132P-N145Y-N152H-L194P-N246I-T248S-A253S-F258L-I260R-G263V	0	1	0	0	0	0
Q191L-L194P	3	1	0	0	0	1
F159S-L194P-I230T	0	0	0	1	0	0
N121H-L194P-L243R	0	1	0	0	0	0
S146C-K160T-L194P-I230R	0	0	0	0	1	0
K173Q-L194P	5	9	2	5	0	4
G134R-L194P-I260R	0	0	0	0	0	1
L194P-K238R-G240A-L243P-N246T-N250S-P254H-R255S-F258L-I260L-S262G-G263R-K264R	0	0	1	0	0	0
G129E-R142S-L194P	0	0	1	0	0	0
G129E-L194P-I260R	0	0	0	0	0	1
L194P-V223I-N250K	0	0	0	0	0	1
N126Y-C139S-L194P	0	0	0	1	0	0
N121H-L194P-L243F	0	0	0	0	0	1
N126Y-K160N-L194P	0	1	0	0	0	0
H156R-G186V-T235K	0	1	0	0	0	0
N122T-T128P-L194P-Q210K	0	0	1	0	0	0
L194P-I214V-L251R	0	0	0	0	0	1
V223A	0	0	1	0	0	0
L194P-L243M-T248S-G249R-N250D-I252F-R255K-K259R-I260R-G263R	0	0	0	0	0	1
L194P-S265N	1	0	1	0	1	0
N126Y-L194P-I232F-Y233N	0	0	0	0	0	1
N122S-L194P-Q197H	0	0	0	0	1	0
S136R-D188E-L194P-I214S	0	0	0	0	0	1
F120L-L194P-I260R	1	0	0	0	0	0
L194P-S265G	1	4	3	2	5	5
K160I-L194P-T212A	1	0	0	0	0	0
L194P-L244V	0	0	1	0	0	2
L194P-L244W	1	0	0	0	0	0
L194P-L244S	0	2	1	0	0	5
T117S-L194P	2	1	1	0	0	3
L194P-I214V-N216S	1	0	0	0	0	0
L194P-S228G-I260R	0	0	1	0	0	0
N145D-H156L-L194P	0	1	0	0	0	0
M168T-L194P-F258L	0	0	0	0	0	1
P169S-L194P-L251R-R261Q	0	0	0	0	0	1
L194P-R220I-K259N	0	0	1	0	0	0
L194P-L244F	1	2	4	1	0	0
D175V-L194P-S209R-P239L	0	0	0	0	1	0
L194P-L244M	1	1	1	0	2	2
L194P-I214L-R222S-S228R	0	0	1	0	0	0
T155P-L194P-S219A-P239S-D241V-L243P-L244F-G249C-P254F-I260T	0	0	0	0	0	1
T128P-L194P-F258L-I260R	1	0	0	0	0	0
N122T-N126Y-L194P	0	1	0	0	0	0
L194P-G249A-K259N	0	1	0	0	0	0
P162L-L194P-I260R	0	0	0	0	0	1
L194P-N250K-S265N	0	1	0	0	0	0
S136G-L194P	0	2	1	2	1	0
T135S-L194P-N216K	0	1	0	0	0	0
T235A	0	1	0	0	0	0
V166A	0	0	0	0	1	0
N126Y-L194P-G249E	1	0	0	0	0	0
E172A-L194P-T203K-N225H-R229S	0	0	0	0	1	0
L194P-R222G-I260R	0	1	0	0	0	0
E119A-N121T-N122H-W127C-T135P-N145P-S146R-S149L-K158Q-K160T-L194P-I232S-I252M-I260R	0	0	1	0	0	0
N126Y-K158N-L194P-Q211P-T235K	0	1	0	0	0	0
F159I-L194P-N250K	0	0	0	0	0	1
E123A-N126Y-T135P-T155I-L194P	0	1	0	0	0	0
L194P-T212S-K264E	0	0	0	0	1	0
N121I-L194P-I214N	0	0	0	0	0	1
F125C-L194P-I236V-K238R	0	0	0	0	0	1
N121H-L194P-L251R	1	6	1	0	0	2
F147L-L194P-A253D	0	1	0	0	0	0
L194P-T235I	1	2	4	0	1	4
N122T-G129V-S137P-L151S-T155S-L194P-G218S-R222T-I232L-W234Y-P239T	0	0	1	0	0	0
N126Y-S146R-L194P	0	0	0	0	0	1
L157S-F174Y-L194P	0	0	1	0	0	0
L194P-S231I-N246K	0	0	0	0	1	0
N126Y-H156L-L194P	0	0	0	1	0	0
E119K-F120V-L194P	0	1	0	0	0	0
L157S-M168T-K173Q-L194P	1	0	0	0	0	0
N145H-L194P-T212P	1	0	0	0	0	0
V130I-L194P-K259N	0	1	0	0	0	0
N171I-L194P-Q211R-P215Q	0	0	0	0	0	1
N121T-D188V-L194P	0	0	0	1	0	0
E123A-L194P-I236R	0	0	0	0	0	1
L194P-N216K-I252M-I260R	1	0	0	0	0	0
I140R-L194P	13	2	4	2	1	1
N133T-K173T-L194P	0	0	0	0	1	0
E123A-L194P-R208G-P221T-I230R-N246S-S247R-L251R-A253D-P254T-F258V	0	1	0	0	0	0
E119S-N121L-N122H-S124C-N126F-W127C-T128S-T131S-Q132P-N133Y-G134V-T135S-S136F-I140L-R141S-N145F-S146C-R150S-L151F-W153L-H156L-K158F-Y161F-L164F-L194P	0	0	0	1	0	0
N121H-L194P-I214L-N246S-K259N	0	1	0	0	0	0
T117P-L194P-T212A-N225K-I236E-L243H-I260M-S262R	0	0	0	0	0	1
N121I-N122T-L194P-I236V-A253T-I260R	0	1	0	0	0	0
L194P-R208G-N216K	0	0	0	0	0	1
K158I-L194P	0	1	0	0	1	0
N133Y-L194P-I230K-I242R-T248S-I252M-P254N	0	0	0	0	0	1
F159L-L194P	1	1	1	0	0	2
F120L-N121Y-L194P	0	0	0	0	0	1
N126Y-E172A-L194P-I260R	0	1	0	0	0	0
N121H-N126S-L194P	0	1	0	0	0	0
L194P-Y257F	0	1	0	0	0	0
E123A-L194P-S228R-K259N	0	1	0	0	0	0
T135P-L194P-S228R	0	0	0	0	0	1
F120S-L194P-A253D	0	1	0	0	0	0
N133H-L194P-P215L	0	1	0	0	0	0
L194P-Q210K-P254T	0	1	0	0	0	0
L194P-V213I-W234S-K238R	0	1	0	0	0	0
L194P-V213I-R224W-K238R	0	0	1	0	0	0
E123A-L194P-I214L	0	0	0	0	0	1
N121H-L194P-I214L-I260R	0	0	0	0	0	1
L194P-Q210K-P254A	1	0	0	0	0	0
I232S-N250K	0	0	0	1	0	0
L194P-F258V-I260R	0	1	0	0	0	0
L194P-N250K-F258L	0	3	1	2	0	3
N122H-L194P	1	1	2	0	1	0
N152S-L194P-R201K	0	1	0	0	0	0
L194P-Y257D-F258L-I260R	0	0	0	0	0	1
L194P-L244V-F258L-I260K	0	0	0	1	0	0
F125L-L194P	0	3	4	1	2	3
E119V-L194P-S231G-N246K	0	0	1	0	0	0
I192T-L194P-I252M-I260R	0	1	0	0	0	0
N133Y-L194P-L251R-I252M-Y257D	0	1	0	0	0	0
N121T-L194P-I260L	2	0	0	0	0	0
L194P-S228R-D241Y	0	0	1	0	0	0
N133I-L194P	1	1	1	0	0	0
L194P-T203I-P215L	0	0	1	0	0	0
L194P-V213I-P221H-L243I	0	0	1	0	0	0
T135P-N144K-L194P-I260R	0	0	0	0	0	1
W127L-L194P-W234C-G256D	0	0	1	0	0	0
N121T-L194P-I260R	2	0	2	0	0	0
K158N-K173N-G186D-L194P-L251R-I260R	0	0	0	1	0	0
E123A-K158N-L194P-L251R-I252M-P254T-I260R	0	1	0	0	0	0
N121H-H156L-L194P-I260R	0	0	1	0	0	0
N145H-G181R-L194P-I260R	0	0	0	0	0	1
L177F-L194P	1	0	1	0	0	2
N122T-L194P-K259N	1	1	0	0	0	0
E123A-G186V-D190N-L251R	0	0	1	0	0	0
N121H-E123A-N126T-N145H-L194P-L251R	0	1	0	0	0	0
T135P-L194P-K238N-L251R	0	0	0	0	0	1
R142T-L194P	0	1	0	0	0	0
W127S-L194P	0	1	0	0	0	1
L194P-N225K-N250T	1	0	0	0	0	0
N122T-L194P-I260R	0	1	1	0	1	2
N133Y-S149I-L194P	1	0	0	0	0	0
L194P-I236V-N246D	0	1	0	0	0	0
F147Y-L194P	0	1	0	0	0	1
L164F-L194P-V213G	0	0	1	0	0	0
N126Y-N170I-L194P	0	0	0	0	0	1
N133H-L194P-G218R	0	0	0	0	0	1
I192N-L194P	1	0	0	1	1	0
S124N-L194P-I245F	0	1	0	0	0	0
L194P-K238N-G240V-N250K	0	0	0	0	1	0
N133H-L194P-L251R-I260R	0	1	0	0	0	0
E123A-S136R-L194P-I260R	0	0	0	0	0	1
L194P-N216S-R220K	0	1	0	0	0	0
F174Y-L194P	1	0	0	0	0	1
E172K-L194P-N216E-P254T	0	0	1	0	0	0
L194P-P221T-G249R	0	1	0	0	0	0
L177V-L194P	0	1	0	0	0	0
L194P-R222K	1	0	1	1	2	0
L194P-R222I	1	1	1	0	1	1
L194P-N216D-I236V	0	0	0	0	0	1
S143T-L194P	0	1	1	1	0	1
L194P-G218R-I232S	0	0	0	1	0	0
N126S	0	0	0	1	0	0
N126T	0	0	1	0	0	0
L194P-R222G	2	3	1	0	0	2
T135P-L194P-I252M	0	2	2	1	2	4
L194P-R222S	1	2	1	1	0	2
K176R-L194P	2	2	0	0	1	0
N122Y-L194P	0	1	0	1	0	2
H156L-L164F-E172K-L194P	0	0	0	0	1	0
N121H-N122T-L194P-F258L	0	1	0	0	0	0
L194P-S262T	0	0	1	0	0	0
L194P-S262R	0	3	0	0	0	1
L194P-S262N	1	0	1	6	1	4
F125Y-L194P	0	2	0	0	0	0
L194P-S262I	0	0	1	1	0	0
N121H-N145H-L194P-N250K-L251R-I260R	0	1	0	0	0	1
L194P-S262G	3	1	1	0	1	3
N121H-L194P-N250K-I260R	0	0	0	0	0	1
L194P-S262C	0	0	0	0	1	0
D188Y-L194P	2	1	1	0	0	0
L194P-A253D-I260R	0	0	0	0	0	1
L194P-S231G-I242L	0	1	0	0	0	0
Y178C-L194P	1	1	0	0	2	3
N121T-N133Y-L194P-R220K	0	1	0	0	0	0
L194P-K238R-I260R	0	0	0	1	0	1
N133H-L194P-I260R	0	3	1	0	0	0
E172G-L194P	0	0	0	1	0	2
N171H-L194P	0	1	0	0	0	1
E119A-L194P-V213G-T235K	0	0	0	1	0	0
T167P-N170T-L194P	0	1	0	0	0	0
N122T-T135P-L194P-I260R	0	2	0	0	0	0
H184R-L194P-I260R	0	0	1	0	0	0
V130D-L194P	0	1	1	0	0	1
S124N-N126Y-L194P-I260R	0	0	0	0	1	0
N126T-K176E-L194P	0	0	0	1	0	0
N126D-L194P	2	2	1	0	0	3
K173R-L194P	1	0	2	0	0	0
L194P-R222K-W234R-N250K	0	0	0	0	0	1
E172A-Q191E-L194P	0	0	0	0	0	1
V166L-L194P	1	0	2	0	0	0
E123D-L194P	2	2	1	1	0	0
N126Y-G134R-L194P	0	0	0	0	0	1
T117P-A163S-L194P	1	0	0	0	0	0
N171I-L194P-I242M-A253D	0	0	1	0	0	0
L194P-Y195F-I236V	0	1	0	0	0	0
E123A-L194P-G218R	1	0	0	0	0	0
L194P-R208I	0	1	0	0	0	0
T155A-L194P	0	2	1	0	3	3
N121H-T155S-L194P	1	0	0	0	0	0
T135S-L194P-L243I	0	0	0	0	0	1
N126Y-E172G-L194P	0	1	0	0	0	0
L194P-S209T-N250K	0	0	0	1	0	0
L194P-I232S-I252M-F258C	0	0	1	0	0	0
E123V-L194P	1	1	0	1	0	1
T128S-L194P-I252M-I260R	0	0	0	0	0	1
I192T-L194P	0	3	1	0	0	2
T135P-L194P-L251R-I252M-I260R	0	1	0	0	0	0
F120S-N121H-L194P	0	0	1	0	0	0
L194P-N216K-P254T	0	0	1	0	0	0
N171Y-L194P-N250K	0	0	0	0	0	1
L194P-L243I-I260R	0	1	0	0	0	0
F193S-L194P	0	0	1	1	0	1
N145I-L194P	1	1	0	0	0	3
L194P-I230R-I232S	0	1	0	0	0	0
N121H-E123D-L194P	0	1	0	0	0	0
N126Y-L194P	75	191	91	46	42	160
L194P-S228N	1	0	4	1	0	1
L194P-S228I	1	1	0	0	0	0
L194P-S228G	2	2	3	0	0	2
D175H-R201G	0	0	0	0	0	1
S136R-L194P-A253D-I260R	0	0	0	0	0	1
L194P-S228C	1	0	1	1	1	0
D188G-L194P-I260R	0	0	0	1	0	0
L194P-I230V-K264E	0	0	0	0	0	1
C139F-L194P	0	1	0	0	0	0
L194P-S228T	0	0	1	0	0	0
G186D-L194P	0	2	4	0	0	2
N126Y-L194P-G200A	0	0	1	0	0	0
N121H-D190N	0	0	0	0	1	0
I179T-L194P-Y195H-V213A	0	0	0	0	0	1
L194P-Q211P-T248S	0	1	0	0	0	0
N121D-L194P-N250K	0	0	0	0	0	1
H183Y-L194P	2	0	1	1	0	0
N133Y-L194P-N250K	0	1	0	0	0	0
L157S-L194P-N250K-I252M-P254T-I260R	1	0	0	0	0	0
G186V-T248A	1	0	0	0	1	0
L194P-I252M-Y257D	0	0	1	0	0	0
T117P-L194P-I260R	0	2	0	0	0	2
R229I	0	0	0	0	1	0
N133H-L194P-N250K-F258L	1	0	0	0	0	0
L194P-G256S	1	1	0	0	0	1
L194P-G256V	1	2	1	0	0	0
H184Y-L194P	1	0	0	0	0	3
N126T-K173T-L194P-I260R	1	0	0	0	0	0
L194P-L251I	0	1	0	0	0	0
L194P-L251V	0	0	0	1	0	2
L194P-G256A	0	0	0	1	0	0
L194P-G256C	0	0	2	0	2	0
L194P-L251R	18	24	16	3	12	19
N165S-L194P	0	3	0	0	1	0
L194P-L251P	2	5	0	1	1	1
L194P-L251Q	0	2	0	1	0	0
S136R-L194P-L251R-A253D-I260R	0	1	0	0	0	0
P169L-G186V-D190N	0	0	0	0	1	0
N121H-E123A-N126T-L194P-L251R-I260R	0	0	0	0	0	1
I140R-L194P-W234C	0	0	1	0	0	0
N121T-L194P-P221H	0	1	0	0	0	0
N121T-L194P-I214V	1	0	0	0	0	0
L194P-K259N-I260R	0	0	1	0	0	0
L194P-N250K	26	49	29	28	19	60
L194P-K259N-I260L	1	0	0	0	0	0
L194P-N250I	0	0	0	0	2	0
L194P-V223I	2	0	0	2	0	1
L194P-D241E-N250K	0	0	0	1	0	1
L194P-I214D	0	0	0	1	0	0
L194P-I214H	0	0	1	0	0	0
L194P-N250K-P254H	0	0	1	0	0	0
L194P-I214L	5	14	5	0	3	13
L194P-I214M	1	0	0	0	0	0
P185T-L194P	1	0	1	0	0	0
L194P-I214S	2	10	7	3	2	5
L194P-I214T	1	1	2	1	1	2
L194P-I214V	1	4	3	1	1	2
L164F-L194P-L251R	0	0	0	0	0	1
N121H-N133Y-L194P-I236T	0	1	0	0	0	0
G186V-D190G-N250D	1	0	0	0	0	1
N121H-L194P-K259N	0	0	1	1	1	2
E123K-L194P-N250K-L251R-I260R	0	1	0	0	0	0
T135A-L194P	0	3	2	0	0	0
N126Y-L194P-K259E	1	0	0	0	0	0
S146R-L194P-I260R	0	0	0	1	0	0
N126Y-A196T	1	0	0	0	1	0
L194P-I202T-I252V	0	1	0	0	0	0
L194P-N216K-R224S	0	0	1	0	0	0
L194P-I226F	0	1	0	0	0	0
L194P-G263R	0	7	0	2	0	2
L194P-P221T-I260R	0	0	0	0	1	1
L194P-A253T-I260L	0	0	0	0	0	1
L194P-G263V	2	1	0	0	0	2
L194P-G263W	1	2	2	0	0	2
L194P-A253T-I260R	0	0	0	0	0	1
N122T-L194P-I242K-R255S	1	0	0	0	0	0
L194P-G263A	0	1	0	0	0	0
E123D-A163P-L194P	0	0	0	0	0	1
L194P-G263E	0	2	0	0	0	2
F159S-L194P-R220K-I236L-S247G	0	0	0	0	0	1
E123A-T187M-L194P	0	1	0	0	0	0
L194P-I236R	3	3	1	2	0	2
L194P-I236T	2	0	1	0	0	0
W127L-S149I-L194P-I232S-I260L	0	0	0	1	0	0
L194P-I236V	4	2	1	0	0	3
L194P-S231R-S265C	0	0	0	0	0	1
E123A-N126Y-L194P	1	1	2	1	0	1
L194P-I236L	0	1	0	0	0	4
L194P-I236M	1	1	1	1	0	1
G186V-D190N-I260R	0	0	0	1	1	1
F120L-N121H-N122T-E123A-N126T-L194P	0	1	0	0	0	0
E123A-L194P-T235K	0	1	0	0	0	0
N121H-T135I-N152S-L194P-V213G	1	0	0	0	0	0
L194P-V213G-I252M	0	1	1	0	0	0
W180R-L194P	1	1	0	0	0	0
L194P-G249E	0	0	2	2	1	4
E119A-L164F-L194P-I260R	0	0	0	1	0	0
L194P-G249A	0	1	0	0	0	0
L194P-I260M-G263R	0	0	1	0	0	0
D190V-L194P-K259N	0	0	1	0	0	0
N126Y-L194P-N246S-F258S	0	0	0	1	0	0
L194P-G249V	1	1	0	0	1	3
L194P-G249W	1	1	0	1	0	2
N126D-D175E-L194P	1	0	0	0	0	0
L194P-G249R	2	3	1	1	0	1
L194P-S219Y-I260R	1	0	0	0	0	0
L194P-I236T-I260R	0	0	0	1	0	1
N126T-L194P-S262R	0	0	0	0	0	1
L157S-L194P-A196V-K264R	0	1	0	0	0	0
L194P-I260R	142	316	156	85	70	218
L194P-T235K-N250K	0	1	0	0	0	0
L194P-I260V	0	1	0	0	1	2
L194P-I260T	0	0	2	0	0	1
L194P-T235K-N250D	0	0	1	0	0	0
N144K-L194P	0	2	0	1	0	31
N126Y-L194P-T235K	0	0	0	0	2	0
Q191R-L194P	0	0	1	0	0	0
L194P-R201G-W234L-I252M	0	0	0	1	0	0
E172K-L194P	0	9	3	2	0	7
N126D-I179N-L194P	0	0	1	0	0	0
L194P-I260K	0	2	2	0	1	0
L194P-I217S-L251R	0	1	0	0	0	0
L194P-I260M	0	1	1	3	1	2
L194P-I260L	84	6	1	2	1	7
L194P-T235K-A253D	0	0	0	0	0	1
N121T-F125S-K173T-L194P	0	0	0	0	0	1
Y161F-L194P	1	1	0	1	1	1
L194P-R220K-I260R	0	0	0	0	1	0
L194P-W234R	2	3	1	0	0	1
L194P-W234S	0	2	0	1	0	2
L194P-W234L	1	3	1	0	1	1
N121T-T135P-L194P-I245M	0	0	0	0	0	1
N122T-F193L-L194P-I214L	0	1	0	0	0	0
F120C-L194P	0	1	0	0	0	0
E123A-N133Y-L194P	1	0	0	0	0	0
S143Y-L194P	0	1	0	0	0	0
L194P-W234G	3	0	2	1	0	1
E123K-L194P	2	0	0	1	0	5
L194P-W234C	0	1	1	0	1	1
S136N-L154S-L194P	0	0	0	0	0	1
T135P-L194P-S219C-I260R	0	0	0	1	0	0
L194P-I214D-S228R-I242M-S247R-T248P-A253D	0	0	0	0	1	0
N121H-N126T-S136R-L194P-K259N	0	0	0	1	0	0
N121H-K173Q-L194P-T235K	0	0	1	0	0	0
L194P-I214L-I236R-I260R	1	0	0	0	0	0
M168I-L194P-N250K	0	0	0	0	1	0
N145H-L157S-L194P	1	0	0	0	0	0
G186V-L194P-V213G	0	1	0	0	0	0
N121H-S146R-L194P-S228R-I260R	1	0	0	0	0	0
N126Y-I140R-L194P	2	0	0	0	0	0
G129A	0	0	0	1	0	0
D190V-L194P	1	4	3	0	1	0
E123A-K160N-L194P	0	1	0	0	0	0
N121H-E123A-N126T-L194P-I236R-L251R-I260R	0	0	0	0	0	1
L194P-V213A-I217T-V223A	0	1	0	0	0	0
P169Q-L194P-T206I	0	0	0	0	0	1
L194P-N225D	3	2	0	0	0	2
L194P-N225K	2	4	3	2	2	0
L194P-N225I	1	0	0	0	1	0
L194P-N225H	1	1	0	0	0	1
D175E-L194P	0	0	0	0	1	1
S149R-L194P-R224G	0	0	0	0	0	1
L194P-N225S	0	0	3	4	0	3
K158Q-L194P	0	0	1	1	0	0
L194P-N225T	1	0	1	0	0	0
L194P-N225Y	1	0	0	1	1	1
L118P-L194P-R222S	0	1	0	0	0	0
N126Y-N133H-E172D-L194P-R229I	1	0	0	0	0	0
H156N-L194P-K259N	0	0	0	1	0	0
L194P-I214V-K238R-L244F-I260R	1	0	0	0	0	0
N126Y-T187A-L194P	0	0	1	0	0	0
W153L-L194P	1	0	0	0	1	1
E123A-N126Y-G186V-D190N-L194P	1	0	0	0	0	0
V166S-M168L-P169H-N171T-L194P	0	0	0	0	0	1
L194P-V237I-P239T-I260M-G263K	0	1	0	0	0	0
T128P-L194P-I260R	0	0	1	0	0	0
T128A-K173Q-L194P	1	0	0	0	0	0
L194P-R208G-S247N	0	1	0	0	0	0
L194P-V223E	0	1	0	0	1	0
N121H-N133H-T135P-L194P	0	1	0	0	0	0
L194P-S228R-S231R-K238R-S262R	0	0	0	1	0	0
E119A-K160N-L194P-T235K	1	0	0	0	0	0
L157S-L194P-R208G-I214L	0	0	0	0	1	0
L194P-I214L-S228R-K259N	1	1	1	0	0	0
L194P-V223I-I260R	1	0	0	0	0	0
E119A-F147L-L194P	0	0	0	1	0	0
L194P-T212A-I245L-N250S	0	1	0	0	0	0
N121H-T135P-N145H-L194P-L251Q-I260R	0	0	0	0	0	1
R142G-L194P-S247G	0	0	1	0	0	0
N121H-E123A-N126T-L154V-L194P-I214L	0	0	0	0	0	1
E123A-K173Q-L194P	0	0	1	0	0	0
W153C-L194P	0	2	0	0	0	1
S124G-P162S-L194P	0	0	1	0	0	0
N121H-L194P-I245M-I260R	0	0	0	0	0	1
E123A-L194P-T203I	0	1	0	0	0	0
L194P-I226S-N250K	0	0	0	0	0	1
T135P-L194P-V213G	0	1	0	0	0	0
L194P-T235K-L251R	0	0	1	0	0	0
N144H-L194P-T212A-F258L	0	0	0	0	0	1
N121H-N122T-S136R-L194P-S228R-K238T-I242M-T248P-I260R	0	1	0	0	0	0
L194P-T203S	1	1	2	0	0	0
L157S-L194P-A196D	0	0	1	0	0	0
N126T-L194P	14	38	24	11	7	32
L194P-P221A-I260L	1	0	0	0	0	0
L164F-L194P-I217S	0	1	0	0	0	0
L194P-I217F	0	2	1	0	0	0
L194S	2	2	2	0	0	1
L194R	0	0	0	1	0	0
N126Y-V182A	0	0	0	1	0	0
L194P-T212P-N250K-F258C	0	0	0	1	0	0
L194P-I217M	0	0	1	0	0	0
L194P-I245M-I252M-I260R	0	1	0	1	0	0
L194P-Q197K	0	0	1	0	0	0
L194P-Q197L	0	1	0	0	0	1
H156L-L194P	2	2	0	0	0	2
L194P-Q197P	0	0	0	0	1	0
L194P-I217T	1	3	0	0	0	0
I214V-S247R-K259N	0	0	0	1	0	0
L194P-I217V	0	0	2	1	0	0
T131S-L194P-W234R-F258C	0	1	0	0	0	0
N144S-L194P-P239Q-I252M	1	0	0	0	0	0
N126T-G186V-D190N	0	1	0	0	0	0
T131P-L194P-R229K	0	0	1	0	0	0
L194P-I214L-N216S-K259N	0	0	0	0	1	0
N121H-L194P-I232S-F258L	0	0	0	0	0	1
N133H-L194P-K259N	0	0	0	0	0	1
E119A-A163S-L164F-E172D-L194P-T212P-Y257H	0	0	0	0	0	1
L194P-K259E-I260R	0	0	0	0	1	0
G186V-D190N-S209R	0	1	0	0	0	0
K173T-L194P-N250K	0	0	0	1	0	0
N126Y-L194P-N216I	0	0	0	0	0	1
N126Y-L194P-N216K	0	1	1	0	0	1
N122T-T167I-L194P-V213G-L244V-L251R-F258L-I260R	0	0	1	0	0	0
N126Y-S149G-L194P	1	0	0	0	0	0
L194P-D241G-N246I	0	0	0	0	0	1
D175Y-L194P	1	5	2	0	1	1
G186V-N246S	1	0	0	9	2	1
M168T-L194P-T235K	0	0	1	0	0	0
M168I-L194P	2	4	1	3	1	5
N126Y-L194P-N250K	0	0	1	1	0	1
L194P-N216K-I260R	0	1	0	1	1	0
T131S-L194P-G240E-G249R-R255K	1	0	0	0	0	0
T135P-L194P-I260R	3	5	1	1	0	2
G186V-D190G-I232N-I245M-N250K-L251R-P254T-I260R	0	0	0	1	0	0
T135P-L194P-I260K	0	1	0	0	0	0
G186V-N246K	0	0	0	1	0	0
V130F-L194P	0	1	0	0	0	0
Q132R-L194P-I230L-Y233H-W234C-I236L-K238N-P239Q-L244S-I245T	0	0	0	0	0	1
G181W-L194P	0	0	1	2	0	0
L194P-T212P-N216K-V223G	0	1	0	0	0	0
N152S-L194P	0	1	0	0	0	0
P169S-L194P-N250S	0	0	0	0	1	0
L194P-R222G-L251R-I260R	0	0	0	0	1	0
L194P-R222K-K259N	0	0	1	0	0	0
R208S	0	0	0	1	0	0
L194P-R229G-I232S	0	0	0	0	0	1
G186V-D190N-P221S	0	0	0	1	0	0
K173Q-L194P-N250K	0	0	0	0	0	1
N122T-L194P-I245M-I260R	1	0	0	0	0	0
L194P-G249E-R255M-F258L-I260K	0	0	0	0	0	1
C139R-K160N-L194P	1	0	0	0	0	0
I192T-L194P-N246Y	1	0	0	0	0	0
F193L-L194P	2	2	1	0	0	2
L194P-T212A-I232F-I260R	0	1	0	0	0	0
F120S-L194P	3	1	1	1	2	1
L194P-S219Y-F258L	0	0	1	0	0	0
N126Y-L194P-V213A-I252M-I260R	1	0	0	0	0	0
P185R-L194P	0	0	0	0	0	1
L194P-I242R-I260R	0	1	0	0	0	0
L194P-S231R-N246S	0	1	0	0	0	0
C139Y-N145Y-L194P-I232S-P239S-N250K-L251R-F258C-I260R	1	0	0	0	0	0
N121Y-L194P-N250K	0	0	0	0	0	1
N126Y-L157S-L194P	1	0	0	0	0	2
S143P-L194P-L251R	0	0	1	0	0	0
F147L-F148C-L157S-K158Q-L194P	0	0	0	0	1	0
N122T-W127F-G129V-I140V-N144Q-L151F-W153R-L194P-L244S	0	0	0	0	0	1
G134R-T135P-L194P-S228G	0	0	0	1	0	0
K158N-I179L-L194P-I252M-P254H-I260R	0	1	0	0	0	0
L194P-I202N	0	0	0	0	0	2
E123D-S124R-T135P-K160N-L194P	1	0	0	0	0	0
H156R-G186V	1	0	2	5	3	0
E119G-L194P-R208G	1	0	0	0	0	0
N216K	0	0	0	1	0	1
T135P-P169L-L194P	1	0	0	0	0	0
N122T-L194P-F258L-I260R	0	1	0	0	0	0
T131A-L194P-I260R	0	0	1	0	0	0
W127L-L194P-I242R-L244V-G249V-L251P-G263R	0	0	1	0	0	0
N133H-L194P-I202V	1	0	0	0	0	0
G186V-K259N	0	0	0	0	0	1
N121T-L194P-G249E	0	0	1	0	0	0
L194P-I214L-P254L	0	1	0	0	0	0
N126Y-L194P-Q210L	0	0	1	0	0	0
V182A-L194P-W234G	0	0	0	1	0	0
N165K-L194P-L251R	0	0	0	0	0	1
K173Q-L194P-A253D	0	1	0	0	0	0
N122T-T135P-S136R-L194P	0	1	0	0	0	0
V130L-L194P	0	1	0	0	0	0
S149C-L194P-V213E	0	0	1	0	0	0
L157I-L194P	2	0	1	0	0	0
L194P-R222K-I232S	0	0	0	1	0	0
N126Y-D175V-L194P-F258V	0	0	0	0	0	1
D175G-H183L-G186V-D190N	1	0	0	0	0	0
L194P-A196D	0	1	0	0	0	0
L194T	1	2	0	0	1	1
W127L-V130G-Q132R-N152H-L157V-L194P-R229S-I242R-L243P-N246T	0	1	0	0	0	0
L194P-I230K-I260R	0	0	0	0	0	1
G186V-Y233N	0	0	0	0	1	0
N121H-L194P-P254T	0	1	0	0	0	0
L194P-Q197E	0	2	0	0	0	0
A196T	3	0	2	5	4	4
W127L-Q132R-L157S-L194P-I230K-P254H-G256D-I260L	1	0	0	0	0	0
N121H-E123A-L194P-G218R-K259N-I260R	0	0	0	0	0	1
L194P	3847	7639	3756	2243	2135	6532
F147L-W153L-N171T-L194P-P215R	0	1	0	0	0	0
L194P-Q197H	0	0	0	1	1	0
L194P-R222K-S228G-I260R	0	1	0	0	0	0
F125L-S143A-L194P-K238E-P239T-I245N-K259Q-R261P	1	0	0	0	0	0
N170I-L194P	0	4	2	2	0	3
S146I-L194P	0	0	0	0	1	0
N121H-N122T-A138V-L194P-I260R	0	1	0	0	0	0
E123A-L194P-N250K-I260R	0	1	1	0	0	1
E123A-T135S-L194P-N250K-K264E	0	0	0	0	0	1
T135S-L194P-N250K-I252M-I260L	1	0	0	0	0	0
G186V-D190N-N216T-K259N	0	0	0	0	1	0
N122T-L194P	3	14	8	1	4	12
L194P-R224K	2	2	0	1	0	2
N121H-L194P-I260R	4	10	2	1	2	6
L194P-R224G	0	1	0	0	0	1
N170S-L194P	1	0	1	0	0	0
N170D-L194P	0	2	0	0	0	2
L194P-R224T	0	0	0	0	1	0
L194P-R224W	0	2	0	1	0	1
L194P-V223A-I230T-Y233H-W234R-I242T-L243P	0	1	0	0	0	0
L194P-R224S	1	1	0	0	0	0
K176N-L194P-N250K	0	0	0	0	0	1
L194P-I217S-V223G	0	0	0	1	0	0
E123S-I252M-I260R	0	0	0	1	0	0
N122T-L194P-S205P	0	0	0	1	0	0
Q132H-L194P	0	0	0	0	0	1
L194P-Q197R	1	0	1	0	0	1
L194P-R208G-N216K-P254T	0	1	0	0	0	0
F159S-L194P	0	2	1	1	1	3
Q132P-K173Q-L194P	0	1	0	0	0	0
E123A-L164F-L194P-I252M-I260R	0	1	0	0	0	0
L194P-R255G-K259N	0	1	0	0	0	0
N121H-E123A-N126S-L194P-L251R	0	0	1	0	0	0
L194P-I217S	0	3	5	1	0	1
T135P-C139Y-L194P	1	0	0	0	0	0
G186V-D190G-S228R	0	0	0	1	0	0
N170K-L194P-K259N-I260R	0	1	0	0	0	0
N121T-L194P-L243P	0	0	1	0	0	0
G129R-L194P	1	1	1	0	0	1
S149R-L194P-I260R	0	1	0	0	0	0
L194P-S219C-I232S	1	0	0	0	0	0
N122T-E123A-L194P-N250K-I260R	0	1	0	0	0	0
N133S-L194P	1	1	0	0	0	1
N126T-L194P-L243H	0	1	0	0	0	0
E123A-L194P-R222S	0	1	0	0	0	0
N144S-W180L-L194P	0	1	0	0	0	0
N145D-L194P	0	0	1	0	0	0
N126T-L194P-N250K	1	1	1	0	0	0
M168K-L194P	2	1	0	0	0	0
N121T-I140V-L194P	0	0	0	0	0	1
H183L-L194P-N225D-G256S	0	0	1	0	0	0
I260L	1	0	1	1	0	0
N121H-E123A-N126T-L194P-R208G	0	1	0	0	0	0
K173E-L194P	0	1	1	1	2	1
I260R	1	0	0	0	1	1
E123A-N126S-F159S-L194P	0	0	0	0	0	1
R142K-G186V-T248A	0	0	0	1	0	0
E119K-L194P	1	0	1	0	2	1
E119A-L194P-T235K-F258L	0	1	0	0	0	0
E119A-K160N-L194P	0	0	0	1	0	0
N126Y-L194P-N216K-I252V	0	1	0	0	0	0
L194P-S228R-N246T	0	0	1	0	0	0
S136R-L194P-I245M-L251R-P254T-I260R	0	1	0	0	0	0
P169L-L194P	0	2	1	0	3	1
L194P-Q210K-S231R-A253D-P254T	1	0	0	0	0	0
L194P-S219A	2	1	0	0	0	1
N126Y-Q132R-S143A-F147S-L194P-I230L-L244V	0	0	1	0	0	0
L194P-S219C	0	1	0	0	0	0
L194P-S219F	0	0	1	0	0	1
G218R	0	0	0	0	1	0
N189K-L194P-T248I	0	0	0	0	0	1
L194P-S219P	1	1	1	0	1	2
L194P-I242L	0	0	1	0	1	0
L194P-S219T	0	2	0	0	0	0
N121H-L194P-T235K-I236V	0	0	1	0	0	0
L194P-S219Y	0	1	3	1	1	6
V130A-L194P-I260R	0	0	0	0	1	1
N121T-L164F-L194P-R229K	0	1	0	0	0	0
L194P-Y233D-P254T	0	0	0	0	1	0
F125I-L194P	0	1	0	0	0	0
S143F-L194P-T235I	1	0	0	0	0	0
N121T-L194P-K259R	0	1	0	0	0	0
E123A-L194P-I232S-L251R-I260R	0	0	1	0	0	0
N126K-L194P	0	0	0	0	1	0
F159L-Y161H-L194P	0	0	0	0	0	1
S137C-L194P	0	0	1	0	0	0
R142S-L194P-S219A-V223G-I260R	0	1	0	0	0	0
N126Y-L164F-L194P	0	0	1	0	0	0
L194P-S231R-I232S-I260L	0	0	1	0	0	0
L194P-P221H-I230R-T235K	0	1	0	0	0	0
N121H-S146R-L194P	0	0	1	0	0	0
P169L-L194P-N250D	0	1	0	0	0	0
F159L-L194P-N250K-S262T	0	1	0	0	0	0
L194P-I217L	0	1	0	0	0	1
N133Y-S146C-L151F-K158F-L164F-L194P	0	1	0	0	0	0
N121T-T135P-L194P	1	3	0	1	0	1
L194P-Q210K-A253D	0	0	0	0	0	1
T155I-L194P	0	1	0	1	0	3
L194P-N216S-N225S-I226V-I230V-Y257C	0	0	0	0	0	1
L194P-I230R-G256S	0	0	0	0	0	1
N122T-F125S-L194P-R255S-F258L	0	0	0	1	0	0
N133Y-L194P-I260R	0	1	0	0	0	0
N133H-L194P-S262N	0	1	0	0	0	0
T128P-L194P-P221L	0	1	0	0	0	0
T155I-H156D-L194P	0	1	0	0	0	0
N126Y-K160E-L194P	0	1	0	0	0	0
N126I-L194P-N250K	0	0	0	0	1	0
H183P-L194P	1	0	0	0	0	0
T167S-L194P	1	5	4	1	0	1
N121S-L194P-I230M	0	0	0	0	0	1
E123A-T131S-L194P	0	1	0	0	0	0
I140L-L194P	0	0	0	2	3	2
L194P-I217N	0	2	0	0	1	1
F120S-L194P-N250K	0	0	0	0	0	1
E123A-N126T-L194P-L251R	1	0	0	0	0	0
L194P-I242V	1	1	0	1	1	0
N144S-L194P-K259N	1	0	0	0	0	0
N121H-L194P-G249W	0	0	1	0	0	0
H156R-L194P-I260L	1	0	0	0	0	0
N126Y-L194P-R224K	1	0	0	0	0	0
N145H-L194P-Y195H	0	0	1	0	0	0
H156D-L194P	1	0	0	0	0	0
H183R-K259R	1	0	0	0	0	0
A163T-L194P	0	1	2	2	0	0
N126Y-M168V-L194P	0	0	0	0	0	1
F125Y	0	0	0	0	0	1
T128A-L194P	1	1	1	1	0	1
L194P-N250K-L251R-I252M-I260R	0	0	0	1	0	0
L194P-S219P-K259N	0	0	1	0	0	0
L157S-T167I-L194P	1	0	0	0	0	0
L194P-G218R-I260R	1	0	0	0	0	0
L194P-I260R-S265G	0	1	0	0	0	0
V166M-L194P-R224M	0	1	0	0	0	0
S143F-L194P-K259I	0	1	0	0	0	0
Q132R-L194P	2	3	2	1	0	1
E123A-N126T-W127L-L194P	0	1	0	0	0	0
E119A-L194P-F258C	0	0	0	2	0	0
L194P-L243I-S247R-N250S-L251Q-I252M-Y257D	0	0	0	0	0	1
W127C-N133H-R141S-L194P-F258L	0	0	1	0	0	0
L194P-S228G-S231G	1	0	0	0	0	0
K173Q-L194P-V213L-I260R	1	0	0	0	0	0
Y178H-L194P	1	0	0	1	1	3
N122T-T135P-L194P-I252M	0	0	0	0	0	1
E123A-N126T-L194P	0	1	1	0	0	2
L194P-S231N-V237I	0	0	1	0	0	0
N152D-L194P-Q210K	0	1	0	0	0	0
G186V-L194P	3	3	2	2	1	1
G181A-L194P	0	0	0	0	3	1
R142I-L157S-L194P	0	0	0	1	0	0
L194P-T235K-I252M	0	1	0	0	0	0
L194P-K238N-K259N	0	1	0	0	1	0
G186V-D190N-I217S	0	0	0	1	0	0
W127C-V130I-Q132P-C139S-R141L-F147L-L194P-R229I-K238T-L243P-I245L-I252M-R255K-Y257D-K259R-I260S-R261L-S262R-G263M-S265A	0	0	1	0	0	0
N170K-L194P	0	1	0	0	0	1
N126Y-G186V-D190N-L194P	0	0	0	0	1	0
L194P-I242K-L244F-N250S	0	1	0	0	0	0
L194P-I202M-P215Q	0	0	0	0	0	1
E123A-L194P-P221T	0	0	0	0	0	1
N126T-L194P-I245M	0	1	0	0	0	0
N122T-L194P-I245N	0	1	0	0	0	0
N145S-L194P-F258I	0	0	0	0	0	1
D188V-L194P	0	0	0	0	0	3
L194P-I245F-I252M	0	1	0	0	0	0
L194P-V223E-I226S	0	1	0	0	0	0
N126Y-L194P-I252M	2	3	1	0	1	1
E119A-H156Y-L194P	0	0	0	0	0	1
L194P-Q211P-I230M-K238T-K259N	0	0	0	0	0	1
P215T	0	1	0	0	0	0
L194P-I214S-N216K	0	0	0	0	0	2
L194P-R224K-G240R-I260R	0	0	0	0	0	1
N126T-W180R-L194P	0	1	0	0	0	0
N121H-E123A-N165D-L194P-I245M-L251R	0	1	0	0	0	0
T117P-E119A-N121P-N122P-E123A-N126P-W127L-T128P-T131P-Q132H-N133P-G134F-T135P-S136R-I140L-R142S-N144P-N145P-S146L-S149L-R150L-L151F-H156P-L157F-K158P-K160P-Y161S-L194P	0	1	0	0	0	0
D190G-A196T	0	0	0	1	0	0
L194P-S209N-I214L	0	0	0	0	1	0
D188G	0	1	0	0	0	0
N126T-L194P-P227L	1	0	0	0	0	0
F120S-L157S-L194P	0	0	0	1	0	0
L194P-I232S-S247R-L251R-I260R	0	0	1	0	0	0
V182D-L194P	0	0	1	0	0	0
L194P-S219C-R224S-L251R	0	0	0	0	1	0
N145S-L194P	0	1	1	0	0	0
K173Q-L194P-N216K-I252M-F258L-I260R	0	1	0	0	0	0
L194P-S209R-I260R	0	1	0	0	0	0
L194P-T206S	1	1	1	0	0	2
T135K-A138D-L194P	0	0	1	0	0	0
N126Y-L194P-T248A	0	0	1	0	0	0
R142K-L194P-I214N	0	0	0	0	0	1
L194P-T206A	2	2	0	0	0	1
T155P-L194P-I214N	0	0	0	1	0	0
I179F-L194P	1	1	0	0	1	1
M168R-L194P	1	0	0	0	0	0
L194P-T206I	1	1	0	0	0	1
L194P-T206N	0	0	0	0	0	1
L194P-I252M-I260R	3	8	4	5	3	15
N152H-L194P-T235K	1	0	0	0	0	0
N121Y-L194P	3	6	0	0	0	2
N122T-L194P-I236R-A253D	0	0	0	0	0	1
K160Q-L194P	0	0	0	0	0	1
S124C-L194P	0	0	1	0	0	0
L194P-I252M-I260L	2	0	0	0	0	0
N122T-L194P-F258L	0	1	0	0	0	1
N121H-N126D-L194P-T235K	1	0	0	0	0	0
T135P-K173Q-L194P-I252M-F258L	0	1	0	0	0	0
N122T-L194P-N246D	0	1	0	0	0	0
L157S-L194P-Q210K	0	1	0	0	0	0
L194P-V237I	1	3	0	2	0	2
N122T-T135P-L194P-I245M	1	0	0	0	0	0
L194P-R201S	1	0	0	0	0	0
G186V-V223L-N246S	1	0	0	0	0	0
L194P-T212A-S247G	0	1	0	0	0	0
G129R-L194P-L251R-I260R	0	1	0	0	0	0
H183R-L194P	1	3	1	0	0	1
L194P-Q210K-N216K	0	0	0	0	0	1
R142G-L157S-L194P	0	0	0	0	0	1
I179T-L194P	1	2	1	0	0	3
G186V-T206I-I230R-N246S	0	0	1	0	0	0
G129V-S143A-F147I-L194P-N216D-S228N	0	0	0	1	0	0
F125L-L194P-I252M	0	0	1	0	0	0
T135I-L194P-I230K	0	0	0	0	0	1
L157S-L194P-I252M	1	0	0	0	0	0
L151M-L194P	0	1	1	0	1	0
N126D-L194P-K259N	0	1	0	0	0	0
L164F-L194P-K259N	0	1	0	0	0	0
L194P-R229K	2	2	1	0	0	3
L194P-R229I	0	0	1	0	0	1
L194P-I260R-S262C	0	1	0	0	0	0
L154S	0	0	0	1	0	0
E119A-N121H-L194P-L251R-F258C	0	1	0	0	0	0
L194P-R229G	0	2	4	0	0	1
S146N-L194P	0	0	1	0	0	1
N121H-G134R-L194P	0	1	0	0	0	0
S124N-L194P-A253V	0	0	0	0	0	1
L194P-R229S	0	1	0	1	1	1
L157S-L194P-K259N	1	0	0	0	0	0
W153R-L194P	0	1	0	1	0	1
G186V-D190N-N250K	0	0	0	0	0	1
L194P-F258C	2	4	3	2	3	8
L194P-N216T-R222S-K238T	1	0	0	0	0	0
S136R-L194P-I245M	0	0	0	0	1	0
N133I-L194P-I252M	1	0	0	0	0	0
L194P-F258I	1	3	1	1	1	1
L194P-F258L	10	26	10	9	5	23
L194P-F258S	1	0	3	0	0	3
L194P-F258V	2	3	2	2	1	3
L194P-F258Y	0	2	0	1	0	0
C139R-L194P	0	1	2	1	0	0
L194P-R255M	0	1	0	0	0	0
L194P-R261Q	2	3	2	0	2	1
T135P-N145H-L194P-N250K-L251R-I260R	0	0	1	0	0	0
L194P-L251Q-I260R	0	0	1	0	0	0
Q191H-L194P	0	0	1	0	0	2
N122T-L194P-L243R	0	0	0	1	0	0
L194P-I236R-I260R	0	0	1	0	0	0
E123A-N126T-N145H-L194P	0	0	0	0	0	1
L194P-I202T-K259N	0	1	0	0	0	0
L194P-I226S-I260R	0	1	0	0	0	0
R142K-L194P-V213G	0	0	1	0	0	0
F120S-K173T-L194P-N250K-A253E-P254H-I260R	0	0	1	0	0	0
L194P-R261L	0	1	1	0	0	0
V166M-L194P-I260R	0	1	0	0	0	0
N133D-L194P-N225Y-I260R	0	1	0	0	0	0
L194P-R261H	1	0	0	0	0	0
L194P-N246S-N250K	1	0	0	0	0	0
L194P-N216T-P221T	0	0	1	0	0	0
N121H-L194P-S228R-N246D	1	0	0	0	0	0
L194P-S199T	0	1	0	0	0	0
T135P-E172A-L194P-G249R	0	0	0	1	0	0
L194P-S199P	1	1	0	1	0	1
L194P-S199L	0	3	0	1	0	0
L194P-Y257H	1	0	1	1	0	1
F148S-L194P	0	2	1	1	1	0
L194P-Y257C	0	1	0	0	0	4
Q132H-L194P-I260R	0	0	0	0	0	1
L194P-Y257D	0	1	0	0	0	1
T131I-L194P-R222K	0	0	0	1	0	0
N126T-L194P-S228R	1	0	0	0	0	0
L194P-S228R-S247R	0	1	0	0	0	0
T135P-N145H-L194P-I202T-L251R-I260R	1	0	0	0	0	0
N145K-A196T	0	0	0	1	0	0
T131S-L194P-S265T	1	0	0	0	0	0
N122T-L194P-G200A	0	0	1	0	0	0
F159L-L194P-K259N	0	1	0	0	0	0
L194P-I260R-S262N	1	0	0	0	0	0
L194P-S209N-N216K	0	0	0	1	0	0
N121H-T135P-L194P-I214D-I260R	0	1	0	0	0	0
N121T-L194P-K238R	0	0	0	0	0	1
L194P-I260K-G263E	1	0	0	0	0	0
N133D-L194P-I260R	0	0	0	1	0	0
S136C-L194P	1	1	2	0	0	1
E123A-L194P-K259N	0	0	0	0	0	2
N126T-L194P-P221R	0	1	0	0	0	0
L194P-V223L	0	1	0	0	0	0
L194P-V223A	0	1	0	1	0	0
A163V-L194P	0	3	3	1	1	1
W127L-L194P-I226N-S228N-W234G-D241E	0	0	0	1	0	0
L194P-V223G	3	5	2	0	0	2
S124N-L194P-I260R	0	1	1	0	0	0
F193I-L194P	0	0	1	0	0	0
N126Y-L194P-L244F	0	0	0	0	0	1
G186C-L194P	2	0	0	0	0	0
N121H-L194P-I245N-I260R	0	1	0	0	0	0
L194P-N250S	3	10	2	0	0	1
N170I-L194P-N250K	0	0	0	1	0	0
E172K-L194P-I260R	0	0	0	1	0	0
L194P-N250Y	0	3	1	0	0	0
T155I-L194P-A196V	0	0	0	0	1	0
L194P-N250D	1	2	1	1	0	1
G134E-L194P	1	1	1	0	0	3
F174I-G186V-D190N	0	0	1	0	0	0
E119A-K173Q-L194P	0	1	0	0	0	0
N121H-N133H-L194P	2	0	0	0	0	0
S149N-L194P	0	0	0	0	0	1
T117P-N122T-L194P-I260R	0	1	0	0	0	1
L194P-I230K-Y233D	0	0	0	0	1	0
N121H-E123A-L194P-L251R	1	0	0	0	0	1
N122T-L194P-T235K-N250K	0	1	0	0	0	0
N121H-E123A-T135P-L194P	0	2	1	0	0	0
S124R-L194P-K238E-I260R	0	0	1	0	0	0
G186V-D190G-I260R	0	0	0	0	1	0
L194P-L251R-F258C-K259N-I260R	0	1	0	0	0	0
L194P-Y195C	0	1	1	0	0	4
S146N-L194P-L251R-F258L-I260R	1	0	0	0	0	0
L194P-Y195F	1	1	0	0	0	2
F120L-L194P-P254H-I260R	0	1	0	0	0	0
L194P-Y195H	2	2	0	0	0	2
L194P-Y195N	0	0	0	0	0	2
L194P-I214L-S228R-I242M-K259N	0	0	0	0	0	1
N165I-L194P-N250K-I252M	0	0	1	0	0	0
N126I-L194P	2	1	0	1	0	2
N121H-L194P-I252M-I260R	1	0	0	0	0	0
R142S-L194P	0	1	1	0	1	4
K160E-L194P-I260R	0	1	0	0	0	0
N189Y-L194P	0	0	1	1	0	0
L194P-S209R-P227R-T235K-N250K-L251R-I260R	0	0	0	1	0	0
L194P-Y257D-I260R	0	1	0	0	0	0
T135P-L194P-N216T-S228R-L251R	0	0	0	0	0	1
N126T-L194P-L251R-I260R	0	0	0	0	0	1
L194P-Q211R	1	0	0	1	0	1
I179V-L194P	1	1	0	1	0	0
L194P-Q211P	0	1	1	0	0	1
E172D-I179T-L194P	0	0	0	0	1	0
N152K-L194P-Y257D	0	0	0	0	0	1
L194P-Q211E	0	1	0	0	0	0
L194P-N225K-I242R-I245V	0	0	0	0	0	1
N145H-L194P-I252M	1	0	0	0	0	0
L194P-Q211L	0	1	0	0	0	1
L194P-Q211K	1	0	0	0	0	1
T135P-L194P-L251R-I252M	0	0	1	0	0	0
L194P-Q211H	1	2	1	0	1	0
D188V-L194P-I260R	0	0	0	0	1	0
L194P-I202F	0	3	0	0	0	0
L194P-V213E-N225K	0	1	0	0	0	0
L194P-G218E-S231R	1	0	0	0	0	0
I140R-L194P-K259N	0	0	2	0	0	0
L194P-I214L-I230M	1	0	0	0	0	0
L194P-T235K-I260R	0	0	1	1	1	1
W180R-L194P-R224K-I260R	1	0	0	0	0	0
L194P-T212S	0	2	0	1	1	0
S143P-L194P	0	0	3	0	0	2
L194P-I202V	0	1	0	0	1	0
M168R-L194P-K238I	0	1	0	0	0	0
L194P-I202T	0	4	2	0	0	0
N126Y-L194P-N225D	1	0	0	0	0	0
Q132P-N133H-F147L-F193Y-L194P	0	0	1	0	0	0
L164M-L194P	0	2	0	0	0	0
N121H-T135P-L194P-L251R-F258L-I260R	0	1	0	0	0	0
G186V-N246S-K259N	0	0	1	1	0	0
T167A-L194P	1	0	0	0	1	1
L194P-I226S-I245N-S247G	0	1	0	0	0	0
N165H-L194P	0	1	0	0	0	0
T117P-N122T-L194P	0	0	1	0	0	1
K259N	3	0	0	2	0	0
N121T-G186V-D190N	1	0	0	1	0	0
N126Y-L194P-V223E	0	1	0	0	0	0
N126S-L194P-L251R	0	1	0	0	0	0
F120V-N126Y-L194P	0	0	0	0	0	1
P162Q-L194P	1	1	1	0	0	1
G181R-V182A-L194P	0	1	0	0	0	0
E172A-L194P-P221T-I226N	0	0	0	0	0	1
M168T-L194P-I230V	0	0	0	0	1	0
L157F-L194P	0	0	0	0	1	0
F120G-N122K-S146R-F147R-F148G-S149R-L151W-W153G-L154T-L157G-F159G-Y161D-P162R-A163E-L164V-N165K-V166G-L194P	0	0	0	0	1	0
S146R-L194P-S228R	1	0	0	0	0	0
L194P-R222S-R224L-S228G-K259N	0	0	0	1	0	0
T155S-L194P	0	3	1	1	0	2
T131S-N133Y-G186V-D190G	0	0	0	0	0	1
K158N-L194P-I260R	0	1	0	0	0	0
N133S-L194P-W234C	0	0	0	1	0	0
N121H-E123A-N126T-L194P	1	1	0	0	0	1
L194P-S228N-Y233D-I236R-N250K	1	0	0	0	0	0
E172Q-L194P	0	0	0	0	0	1
L194P-Y195C-N250K-I252M	0	0	0	0	0	1
E119A-L194P-I245N	0	1	0	0	0	0
L194P-P221T-L243R	0	1	0	0	0	0
L194P-T212S-P254T	0	0	1	0	0	0
I140R-L194P-L251R-I260R	1	0	0	0	0	0
N189I-L194P	1	2	0	0	0	0
L194P-S228G-I260L	1	0	0	0	0	0
T155S-K158N-L194P-I214S	0	0	0	0	1	0
N126Y-Y178C-L194P	0	0	0	1	0	0
T117P-F147Y-L194P-K259N	0	0	0	0	0	1
G186V-N189K-D190N	0	0	1	2	1	0
G134E-H156R-L194P-P221H	0	0	0	0	0	1
L194P-T212P-V223G	0	0	0	0	0	1
L194P-I214N-S231R-I260R	0	1	0	0	0	0
N133H-T155S-L194P-S228R-I236L-K238T-I242L-I245T-S247L-T248K-P254T	0	0	0	1	0	0
N121H-E123A-N126T-N145H-L194P-L251R-F258C-I260R	1	0	0	0	0	0
G186S-L194P	1	1	1	0	0	3
L194P-S228C-I260R	0	1	0	0	0	0
T212P-T248S	0	0	1	0	0	0
N144Q-L194P	0	0	0	0	0	1
K173N-L194P-I214L-P254T-I260R	0	0	1	0	0	0
E172D-L194P-I252T	0	0	0	1	0	0
L194P-I260R-K264E	0	1	0	0	0	0
C139R-L194P-N225S	0	1	0	0	0	0
N121K-L194P	1	2	0	0	0	0
L194P-W234R-L251R-I260R	1	0	0	0	0	0
T131I-L194P	2	1	0	0	1	2
L194P-T212P	2	3	1	0	0	2
N126Y-G186V-D190G	1	0	0	1	0	0
E119A-S124I-G134V-N145H-S149I-L194P	0	0	0	0	1	0
L194P-T212I	2	1	0	0	0	1
F148S-L194P-R229G	0	0	0	1	0	0
L194P-T212N	0	2	0	0	0	1
N121H-N122H-E123A-L194P	0	0	0	1	0	0
N126Y-G186V-D190N	2	0	1	0	0	0
L194P-T212A	0	8	1	0	3	1
T117P-F174I-L194P	0	1	0	0	0	0
K160I-L194P-N250K	0	1	0	0	0	0
L194P-G200R-I260R	0	0	0	1	0	2
S124R-L194P-N250K	1	0	0	0	0	0
N121H-G186V-D190N-I260R	0	0	0	0	1	0
R142G-L194P	4	9	1	1	1	3
L194P-I202N-F258L	1	0	0	0	0	0
N121H-E123A-N126T-I252M	0	0	0	0	0	1
W127L-L194P	3	1	0	0	0	0
R142S-L194P-I230R	0	0	0	0	0	1
E123T-S124G-N126H-N133Y-S136R-L154F-T155P-L164F-L194P-R222Y-R224L-S228G-I236L-K238T-L244V-I245F	0	0	0	0	0	1
L194P-I242K-I260R	0	1	0	0	0	0
V166M-L194P-I245F	0	1	0	0	0	0
Q132P-L194P-I260K	0	1	0	0	0	0
N126Y-G186V	0	0	0	1	0	0
N126I-N133Y-L194P-N216K-W234R	0	1	0	0	0	0
L194P-T235I-D241G	1	0	0	0	0	0
L194P-I214L-R224K-R229G	0	0	0	0	0	1
N126Y-L194P-Y257H	0	1	0	0	0	0
N126Y-K158N-L194P	1	0	0	0	0	0
P162T-L194P	0	1	2	0	0	1
L194P-I232S-S247R	0	0	1	0	0	0
H184Q-L194P	1	1	1	0	0	1
L194P-N246I	0	1	0	0	0	1
K158N-F193S-L194P-N216K	0	0	1	0	0	0
L194P-N246D	0	4	0	1	0	0
S136C-L154F-L194P	0	0	1	0	0	0
I140R-L194P-I214N	0	0	1	0	0	0
L194P-S228R-L251R-K259N	0	1	0	0	0	0
E123A-H156P-L194P	1	0	0	0	0	0
L194P-S219Y-S228R-G249W-L251Q-R255K-K259N-I260T	0	1	0	0	0	0
L194P-N246Y	1	0	0	1	1	0
L194P-N246T	0	0	0	0	0	1
E123A-L194P-P254T	0	0	1	0	0	0
L194P-R229I-I252M	0	1	0	0	0	0
L194P-N246S	3	5	1	1	0	2
H156R-L194P	2	1	0	0	0	1
T155N-L194P	0	1	0	0	0	2
L194P-I232S-T235K	1	0	0	0	0	0
E123A-D175G-L194P-I260R	0	0	1	0	0	0
S137F-M168V-L194P	1	0	0	0	0	0
N121H-L194P-N250K	1	0	0	0	0	1
L194P-S205P	1	3	1	0	2	2
L194P-I232S-T248S-F258L	0	0	0	0	0	1
L194P-V204I	1	1	0	0	2	0
L194P-V204L	0	2	0	0	0	0
N121H-N122T-L194P-L251R-I260R	0	0	1	0	0	0
A138G-F159C-L194P	0	0	0	1	0	0
L194P-V204A	0	1	1	0	1	1
H156N-L194P	1	2	1	1	0	0
L194P-V204D	1	2	0	0	0	1
S146G-L194P	0	2	1	2	0	2
L194P-R208G-N246S-I260R	0	0	0	0	1	0
G186D-L194P-P227L	0	0	0	0	0	1
T135S-H184R-L194P	0	0	0	0	0	1
T167P-L194P-S199L	0	1	0	0	0	0
T167S-L194P-T248A	0	0	0	0	0	1
L194P-I214V-L243R	0	0	0	1	0	0
N152K-L194P	0	1	1	1	0	1
N165Y-L194P-I232N-K238N	0	1	0	0	0	0
I217N	0	0	0	0	1	0
I217L	0	0	0	0	1	0
G186V-I236L-K238T-I242M	0	0	0	1	0	0
E123A-N126Y-T135P-L194P-P221T	0	0	0	0	0	1
L194P-N246D-I260R	0	2	0	0	0	0
T167S-G186V-D190N	0	0	1	0	0	0
L194P-I230K-K238Q-I252M-P254H	0	0	0	0	0	1
Q191L-L194P-I260R	0	0	0	0	1	0
K173T-A196T	0	1	0	0	0	0
L194P-L251R-I252M	0	2	1	0	0	0
L194P-Q210R	0	4	1	0	0	0
L194P-I252M-F258L	0	0	0	0	0	1
L194P-Y257C-K259N	0	0	0	0	0	1
N121H-L164S-L194P	0	0	0	0	0	1
L194P-Q210E	0	1	0	0	0	0
L194P-I232T-S265G	0	1	0	0	0	0
N126Y-L194P-I232F	1	0	0	0	0	0
M168T-L194P-I245N	0	0	1	0	0	0
F147L-L194P-I230K-I245V	0	1	0	0	0	0
L194P-Q210L	0	2	0	0	0	0
L194P-K238E	0	1	1	0	0	0
L194P-Q210H	1	0	1	1	0	3
L194P-Q210K	2	4	4	2	1	4
F120S-N126T-L194P-S247G-G249E-I260K-G263R	0	1	0	0	0	0
T135P-V182A-L194P	0	0	0	1	0	0
N126Y-R142S-L194P	0	1	0	0	0	0
N121H-L194P-I245M-N250K-L251R-I252M-I260R	0	0	0	0	0	1
H156L-L194P-L251R	0	0	1	0	0	0
L194P-R208T-S262N	0	0	0	0	0	1
L194P-I214S-R222K	0	1	0	0	0	0
L194P-K259R-G263R	0	1	0	0	0	0
E123A-T135P	0	0	0	1	0	0
S124R-L194P	2	0	0	1	2	2
L194P-R222K-I230R-S231R-I232N-P239T	0	1	0	0	0	0
F147V-L194P	1	1	0	0	1	0
S149C-L194P	2	1	0	0	0	1
L194P-A253V-K259N	1	0	0	0	0	0
N189D-L194P	1	0	0	0	1	0
K158N-K173T-L194P	0	1	0	0	0	0
L194P-I214V-S228G-I230M	1	0	0	0	0	0
R141G-L194P-I230R	0	0	0	0	0	1
D190V-L194P-I217S	0	0	0	1	0	0
N133H-T135P-L194P	2	0	0	0	0	0
L194P-A196T-I236R-K259N	0	0	0	0	1	0
L194P-Y233D-G249W-N250K-A253V-P254A-I260M-R261L-G263E-K264E	1	0	0	0	0	0
L194P-S228R-N246H-S247R-K259N	0	1	0	0	0	0
N126Y-L194P-N246D	0	1	0	0	0	0
D188E-L194P	1	0	1	0	1	0
N144D-L194P-I260R	1	0	0	0	0	0
N121T-N165T-L194P	0	0	0	0	1	0
L194P-R224S-N250K	0	0	0	1	0	0
T135P-M168I-L194P	1	0	0	0	0	0
L118Q-L194P	0	0	0	0	1	2
N121H-N145H-L194P-T212P-I232S	1	0	0	0	0	0
S143A-F159S-L194P-I214T-P239S	1	0	0	0	0	0
L194P-F258L-I260L	0	0	0	1	0	0
L194P-F258L-I260R	0	2	2	2	0	4
L194P-Q210R-I260R	0	0	1	0	0	0
L194P-N225D-I260R	1	0	0	0	0	0
S124N-L194P	4	1	0	2	0	4
L194P-N246K	0	1	0	0	0	0
R141K-L194P	0	0	1	0	0	0
L194P-W234R-I245K-I260R	1	0	0	0	0	0
L194P-I232T	0	2	0	0	0	0
F125S-G134V-L194P	0	0	1	0	0	0
L194P-I232V	1	2	2	0	1	1
S149G-L194P	1	2	0	0	0	0
L194P-I232S	3	4	4	1	1	8
E123A-L194P-I260R	1	10	2	0	0	4
L194P-I214N-N250K-I252M-I260R	0	1	0	0	0	0
N133H-L194P	4	13	8	4	4	14
L194P-I232F	2	2	0	0	0	0
N121T-Y161C-L194P	1	0	0	0	0	0
F159Y-L194P	0	1	1	0	1	2
N126Y-R150I-L194P-L251R	0	0	0	1	0	0
F174V-L194P	0	0	0	1	0	0
L194P-I226V-I260R	0	1	0	0	0	0
N126Y-L194P-I242R	0	0	0	0	0	1
E172D-L194P-T235K-D241G	0	0	0	0	0	1
N122I-L194P	1	1	0	1	0	2
R150G-L194P-I226N	1	0	0	0	0	0
K173N-L194P	0	2	0	1	0	4
N121H-L194P-I214V-S228R	0	0	0	0	0	1
W153L-L194P-V223E	1	0	0	0	0	0
W180L-L194P-T235K	0	1	0	0	0	0
N126Y-K160N-L194P-I260R	0	1	0	0	0	0
N189K-L194P	0	4	1	0	2	1
S146R-L194P-I217S	0	0	0	1	0	0
L194P-N216K-N250K	0	1	0	1	0	0
V182G-L194P	0	0	1	1	0	1
L194P-N225K-K259N	0	1	0	0	0	0
L194P-I202F-T212S-G218R	1	0	0	0	0	0
N126Y-L194P-S265G	0	0	0	0	0	1
S146R-L194P	2	3	1	0	0	1
L194P-R220G-I260R	0	1	0	0	0	0
G134A-L194P	1	1	0	0	0	1
L194P-P215L-I260L	2	0	0	0	0	0
F174S-L194P	0	1	0	0	0	1
N121H-E123A-L194P-F258L	0	1	0	0	0	0
L194P-Q211H-R224G	0	1	0	0	0	0
N165S-L177S-L194P	0	1	0	0	0	0
N121H-E123A-N126T-L194P-S228G-K259N-I260R	0	1	0	0	0	0
E123A-R142G-L194P	1	0	0	0	0	0
V182A-L194P	2	1	1	0	1	1
V166A-L194P	2	0	1	1	2	0
G181V-L194P	1	0	3	0	1	1
G186R-L194P	0	0	1	0	0	0
L194P-G218A	1	1	0	0	0	0
T117P-N122T-N126T-N250K	0	0	0	1	0	0
L194P-G218E	0	0	2	0	0	1
L194P-S228R-K238T-K259N	0	0	0	0	0	1
G134A-T135P-S149C-L157F-K158T-L194P	0	1	0	0	0	0
M168T-L194P	0	1	0	0	0	0
L194P-S262C-S265N	0	0	0	0	1	0
L194P-G218R	2	2	0	1	2	3
L194P-G218V	1	1	0	0	0	0
L194P-P227H-G249W	0	1	0	0	0	0
V130L-L194P-I260R	0	0	0	0	1	0
V166A-F193L-L194P-Y195H	0	1	0	0	0	0
L157V-L194P	0	1	0	0	0	0
F120L-E123A-L194P	0	1	0	0	0	0
N145H-L194P-L251R	0	0	1	0	0	1
N144K-L194P-V223A	0	0	0	0	0	2
K173T-L194P-T212A	0	1	0	0	0	0
L194P-I230K-I260V	1	0	0	0	0	0
G129R-L194P-I260R	1	0	0	0	0	1
N121H-L194P-P254T-F258L-I260R	1	0	0	0	0	0
N121H-L194P	38	51	14	11	16	55
L194P-S228I-S247R-A253S-G263V	0	1	0	0	0	0
N122T-L194P-S231R	1	0	0	0	0	0
L194P-I214V-K238R-I260R	0	0	1	0	0	0
I214S	0	0	0	0	1	0
N121T-H184Y-L194P	0	0	0	1	0	0
I214V	1	0	0	0	0	0
N126T-K160N-N165T-L194P	0	0	0	1	0	0
N121H-N165S-L194P-R220G-R224G	0	1	0	0	0	0
L194P-P239T-L251R-R255S-I260R	0	1	0	0	0	0
T135A-S146G-L194P-R229I-I232S-T248S-I252M-G256A-F258L-K259R-I260L-S265T	1	0	0	0	0	0
I214L	0	0	0	0	1	0
E123A-T155P-L194P	0	0	0	0	0	1
Q132P-L194P-F258L	0	0	0	0	0	1
N126T-S136R-L194P	0	0	1	0	0	0
N121H-L164F-L194P	0	0	0	0	0	1
N126Y-L194P-F258Y	0	0	0	1	0	0
N246S	1	0	0	2	0	0
R150G-L194P	1	0	1	1	1	2
N144D-L194P	0	1	1	0	0	0
N144S-L194P	0	0	1	2	1	7
N126T-L194P-T203S	0	1	0	0	0	0
L194P-I236L-K259N	0	2	0	0	1	0
W127L-L194P-I230K	0	1	0	0	0	0
T117P-N122T-Y178F-L194P-K238R-I245V-N250K-I260R	0	1	0	0	0	0
Q132K-L194P-I242K-S247R-G249A-F258L-G263M-S265T	1	0	0	0	0	0
D175N-L194P-K259N	0	0	0	0	0	1
L194P-S228R-I260R	0	0	1	0	1	1
L194P-T248K	0	1	0	0	0	1
L194P-T248A	3	2	1	0	2	5
L194P-S228R-T248P	1	0	0	0	0	0
V182I-L194P-I232S	0	1	0	0	0	0
L194P-T248P	0	4	0	0	0	3
L194P-G249R-G263W	0	1	0	0	0	0
L194P-T248S	0	0	2	2	1	0
G186V-D190N-K238T-I260T	0	0	0	1	0	0
N189H-L194P	0	0	1	1	0	0
G186C-L194P-A196G-W234R	0	1	0	0	0	0
E123A-L194P-Q211P	0	0	1	0	0	0
S143T-L194P-I260R	0	0	1	0	0	0
N126Y-I140V-L194P	0	0	1	0	0	0
S124G	0	0	0	1	0	0
E123A-N126S-T135P-L194P	1	0	0	0	0	0
N126Y-I192V-L194P	0	0	0	1	0	0
W180S-L194P	0	0	0	0	0	1
N122T-N133H-L194P	1	0	0	0	0	0
N121I-T128P-L194P-V204G-F258L	0	0	1	0	0	0
N122T-E123A-L194P	0	1	0	0	0	0
F125S-L194P-G240E-K264Q	0	0	0	0	1	0
L164F-L194P-I230M-I260R	0	0	0	1	0	0
N121G-E123G-S124G-N126G-T128A-N133G-T135A-I140M-R141G-N144S-N145S-S146G-S149G-R150G-K158R-M168V-K176G-Y178C-D188G-N189S-I192V-L194P-Y195C-Q197R	0	1	0	0	0	0
T135P-L194P-I245M-N250K-L251R-I260R	0	0	1	0	0	0
E172V-L194P-Q197L	0	1	0	0	0	1
L164V-L194P	1	0	0	0	0	0
I179N-L194P	1	0	0	0	0	0
N145H-L194P	3	9	3	3	1	2
L194P-S209N	2	1	1	1	0	2
L194P-S209I	0	2	1	0	0	1
L194P-V204F	0	0	1	0	0	0
L194P-S209G	0	2	0	1	0	0
N121Y-N126Y-L194P	0	0	0	1	0	0
L194P-S209C	0	0	1	1	0	1
N126Y-L164S-L194P	0	0	0	0	0	1
L164F-L194P-S262R	0	0	0	1	0	0
F147L-S149R-L194P-N250K	0	0	0	0	0	1
L194P-S209R	2	7	5	1	2	1
L194P-I230R-K259N	0	0	0	0	0	1
L194P-T235K-R255S	0	0	0	0	0	1
L194P-I242M-K259N	0	0	1	0	1	0
N250K-L251R	0	0	0	1	0	0
N126T-K160N-L194P	0	0	1	0	0	0
L194P-I214S-Y233D-R261Q	1	0	0	0	0	0
S124G-L194P	0	6	0	1	5	1
L194P-T235K-F258L	1	0	0	0	0	0
A163S-L194P-S209R	0	0	0	0	0	1
S146R-K158Q-L194P	0	1	0	0	0	0
N121H-N126T-L194P-K259N	1	0	0	1	0	0
L194P-T248K-F258V	0	1	0	0	0	0
N121T-V130F-L194P	1	0	0	0	0	0
L194P-K259Q	0	1	0	0	0	0
L194P-K259R	2	4	2	1	0	1
K160I-L194P	1	2	0	0	0	3
L194P-K259T	0	0	0	0	0	1
L194P-N225H-K259N	0	1	0	0	0	0
E119A-L194P-R222K-T235K	0	0	1	0	0	0
L194P-Q210K-I214N	1	0	0	0	0	0
L194P-K259E	2	1	1	0	2	1
V182L-L194P	0	0	0	0	0	1
L194P-K259N	55	106	61	40	30	106
L194P-K259I	2	0	0	0	0	0
E172G-L194P-V213G	0	1	0	0	0	0
F148S-L194P-I260R	0	1	0	0	0	0
L194P-R220G-F258L	0	0	0	0	0	1
C139R-E172K-V182G-L194P	0	0	0	1	0	0
T117P-L194P-S231N	0	1	0	0	0	0
N121S-L194P	0	2	2	1	1	2
K176R-L194P-I260R	0	1	0	0	0	0
H156Q-L194P	0	1	0	0	1	0
E119K	0	0	0	0	1	0
L194P-V213A-N216K-S219A-V223G-N225H-I226M	0	0	0	0	0	1
T155I-L194P-I260R	0	0	0	0	0	1
E119D	0	0	0	0	0	1
L164W-L194P	0	0	0	0	1	1
I140R-L194P-T212P	1	0	0	0	0	0
E119A-L194P-S219T-I260M	0	0	0	0	0	1
H184D-L194P-K259N	1	0	0	0	0	0
N121H-T135P-L194P-L251R-I260R	0	0	0	0	1	0
N126Y-L154F-L194P	0	0	0	1	0	0
E123A-L194P-T235K-I260R	1	0	0	0	0	1
E123A-N133I-L194P	0	0	0	0	0	1
M168I-L194P-I252M	0	0	0	0	0	1
L194P-I230L-T248K-R255K	0	0	0	1	0	0
N144K-L194P-I260R	0	0	0	0	0	1
E123A-R141S-L194P	1	0	0	0	0	0
T135P-K173Q-L194P	0	0	0	0	1	0
E123A-L194P-R208G	0	0	1	0	0	0
L194P-N250K-G263K	0	0	1	0	0	0
E119A-E172D-L194P	0	0	1	0	0	0
N121T-L194P-N250K	0	0	1	0	0	1
L164S-L194P-A196T	0	1	0	0	0	0
L194P-I245M-N250K	0	0	0	0	1	0
L251R	0	0	1	0	1	0
N133H-T135P-K158N-L194P	0	1	0	0	0	0
N121H-E123A-N126T-N145H-G186V-D190N-I236R-N250K-L251R-I252M	0	1	0	0	0	0
A138S-L194P	2	0	0	1	0	0
N121H-K160N-L194P	0	1	0	0	0	0
N171K-L194P-I260R	0	0	1	0	0	0
L194P-I232N-I236R-S247N	0	0	1	0	0	0
T131N-L194P	0	0	2	0	0	0
P162S-L194P-I260R	0	0	1	0	0	0
N126D-L194P-V213G-I260R	0	0	0	1	0	0
L194P-I226T	0	3	3	0	0	4
L194P-I226V	0	6	0	0	0	4
L194P-I226S	0	1	1	2	0	5
L194P-R208G-I260R	0	0	0	1	0	0
L194P-I232S-K264E	0	1	0	0	0	0
L194P-I226N	0	3	0	1	0	2
W127L-L194P-P227T-I230K-T235K-P254N	1	0	0	0	0	0
L194P-T203S-I260R	0	1	0	0	0	0
E123G-L194P	1	0	0	1	1	1
L194P-L251R-Y257D	0	0	1	0	0	0
L157S-L194P-R208K-I214N-L251R	1	0	0	0	0	0
N165Y-L194P	0	1	0	0	0	2
N122T-K160N-L194P-I260R	1	0	0	0	0	0
L194P-N216K-R229I	0	0	0	0	0	1
L194P-V213G-N246D-G249A-I260R	0	0	1	0	0	0
F147L-L194P-I236V	0	1	0	0	0	0
E123A-N126S-L194P	0	1	0	0	1	0
G129A-L194P	0	0	0	1	0	0
L194P-T203I	0	0	1	0	1	0
L194P-T203K	0	0	0	0	0	1
T135S-L194P-R222G-I236L-L244V	0	1	0	0	0	0
L194P-T203A	2	1	2	0	0	1
L194P-I214V-I242M	0	0	0	0	0	1
S136R-L194P-S231R-I245M-L251R-I260R	0	1	0	0	0	0
F148L-L194P	1	2	1	0	1	2
L194P-T203P	1	0	0	0	0	0
W180L-L194P-V213A-V223A-I230T-Y233H-W234R-I236T-V237A-L243P-L244P-I245T-L251P-I252T-Y257H-F258P-I260T	0	0	1	0	0	0
H184L-L194P	0	1	2	0	0	1
N170T-L194P-I214N-I245M-L251R	0	1	0	0	0	0
L194P-I242K-L251R	0	0	0	0	0	1
L194P-N246D-A253T	0	0	0	0	1	0
N126Y-L194P-S231C-I260L	1	0	0	0	0	0
L194P-R208S-K259N	0	1	0	0	0	0
L194P-S247R-K259N	1	0	1	0	1	0
T135I-L157S-L194P	0	0	0	0	0	1
N121H-E123A-S146R-L194P-I214L-L251R	0	0	0	0	0	1
T128P-L194P-I214S-I230N-T235K-V237A-I242R-N246D-S247R-P254H	0	0	0	0	0	1
L194P-R208I-I217S-F258V	0	1	0	0	0	0
N152I-L194P	1	0	0	0	0	0
V130I-L194P	0	1	0	1	0	0
L194P-K238E-I242M	0	0	0	0	0	1
L194P-F258S-K259N	0	0	1	0	0	0
L194P-S209R-T235K	0	1	0	0	0	1
L194P-S231I-I260R	0	1	0	0	0	0
N250K	0	0	1	2	0	0
E172D-L194P	2	5	0	0	1	4
G186D-L194P-S231R	0	0	0	0	0	1
E119S-N133Y-S136F-L151F-K158I-L164F-L194P	0	0	1	0	0	0
N165D-L194P	0	0	0	0	0	1
L194P-Y195H-F258C	1	0	0	0	0	0
T187M-L194P-V223I	1	0	0	0	0	0
N122T-E123A-N133D-L194P-S219A-I260R	0	1	0	0	0	0
N126T-L194P-I232S-I260R-R261L	0	1	0	0	0	0
S136R-L194P-N250K	0	0	1	0	0	0
N122T-L194P-N250K	0	2	0	0	0	0
N126T-L194P-N225D	0	0	0	0	0	1
A138V-L194P	0	3	0	0	0	1
N126T-I140R-L194P	0	0	1	0	0	0
E123V-Q191K-L194P	0	1	0	0	0	0
N126T-L194P-I260R	1	3	2	1	1	3
N145H-L194P-L251R-I252M	0	1	0	0	0	0
S146R-L194P-N250K-L251R-I252M-I260R	1	0	0	0	0	0
L194P-I252M-K259N	0	0	0	1	0	0
N126Y-K173N-L194P-N250K-I260R	0	1	0	0	0	0
N126Y-K173N-L194P	0	0	0	0	0	2
R142K-L194P	4	1	1	5	0	4
N121H-N145H-L194P-I236R-L251R	0	0	0	1	0	0
E123A-N126T-L194P-I260R	0	0	0	0	0	1
P185L-L194P	1	2	0	1	0	1
I140T-L194P-S228R-K238T	0	1	0	0	0	0
G129E-L194P-K259N	0	0	1	0	0	0
L194P-I245M-L251R	0	0	1	0	0	0
L194P-P254H	0	1	1	0	0	1
N126Y-L194P-S228R-K259N	0	1	0	0	0	0
L194P-Y233D-L251R-R261L	0	1	0	0	0	0
L194P-P254L	0	3	0	0	0	1
L194P-P254A	1	1	0	0	0	2
T135P-L194P-I232V	0	0	1	0	0	0
L194P-V237E	0	1	1	0	0	1
L194P-R224K-G240E	0	1	0	0	0	0
I140R-L194P-P239R	0	0	0	1	0	0
L194P-V237A	2	0	2	0	0	1
L194P-V237L	0	2	0	0	0	1
L194P-P254S	0	0	1	1	0	0
L194P-P254R	1	1	0	0	0	1
L194P-P254T	2	7	1	2	2	5
L194P-S231N	1	1	0	1	1	0
L194P-N250K-F258V	0	0	1	0	0	0
L194P-S231I	1	0	1	0	0	3
R141G-L194P	0	1	0	1	1	2
L194P-S231G	1	1	1	0	0	1
L157S-L194P-L251R-I260L	1	0	0	0	0	0
N126Y-I260R	0	0	0	1	0	0
L194P-S231C	1	0	1	0	0	1
L194P-I214V-K259N	0	0	1	0	0	0
N121H-E123A-L194P-L251R-F258C	0	1	0	0	0	0
L194P-N216K-S219A	0	1	0	0	0	0
L194P-I232S-L251R-I260R	1	1	0	0	0	1
L194P-S231T	0	0	0	1	0	1
L194P-S231R	2	2	2	0	3	0
L194P-N246S-N250K-A253D	1	0	0	0	0	0
F174Y-L194P-S228R	0	0	0	0	1	0
F120L-N145I-L194P-I236G	0	0	1	0	0	0
W127L-T135S-L194P	0	0	1	0	0	0
L194P-K238I-F258L	0	1	0	0	0	0
N126T-L194P-Y257D-I260R	0	0	0	1	0	0
N126Y-L194P-I230R	0	2	0	0	0	0
N121H-L154F-L194P	0	1	0	0	0	0
N171S-L194P	1	2	1	1	1	3
G186V-D190N-R261Q	0	0	0	0	0	1
N121T-T155P-L194P	0	0	0	1	0	0
L194P-Q210K-I214N-I226V-S231R-I260R	0	0	0	0	0	1
L194P-P215R-N216K-I245M	1	0	0	0	0	0
T117P-N122T-T128P-H156L-L194P-I260R	0	0	0	0	0	1
S265I	0	0	0	0	1	0
N121Y-L194P-K259N	1	0	0	0	0	0
N121H-E123A-N126T-N133H-L194P	0	1	0	0	0	0
L194P-R222I-L251R	1	0	0	0	0	0
Y178N-L194P-V213G-P221H	0	1	0	0	0	0
E123A-L194P-Q210R	0	0	0	0	0	1
P185S-L194P	1	0	0	0	0	0
T128N-L194P	0	0	0	0	1	0
S124R-L194P-K259N	0	0	1	0	0	0
L194P-G249E-L251Q-G263R	0	1	0	0	0	0
L164F-V213G-P221R-I226S-L251I	1	0	0	0	0	0
L194P-R229S-I260R	0	1	0	0	0	0
D188E-L194P-K238T-T248A	0	1	0	0	0	0
L194P-V213G-S231R-G249W	0	0	0	0	0	1
L118R-F120G-N122K-S124R-F125G-N126Q-W127G-T131K-Q132K-N133K-T135R-S137D-C139G-I140R-N144K-N145K-S146R-F147G-F148G-S149R-L151G-N152R-W153V-L154V-T155A-H156E-L157G-F159G-Y161D-P162N-L194P	0	1	0	0	0	0
N152D-L194P	1	1	1	0	0	0
E119A-N133Y-L164F-L194P	0	0	0	0	0	1
N126Y-G186V-D190N-I260R	0	0	1	0	0	0
T128P-L194P-N216K-I245M	1	0	0	0	0	0
G186V-D190S	0	1	0	0	0	0
H156L-L194P-F258L	0	0	0	0	0	1
N126T-L194P-T235K-T248K	0	0	0	0	0	1
N126Y-K173Q-L194P-V223G-N225K	0	0	1	0	0	0
G186V-D190N	13	13	12	43	22	11
N121H-E123A-L194P-S205F-I260R	1	0	0	0	0	0
N121H-T135P-S146R-L194P	0	0	1	0	0	0
L164W-V166G-L194P	0	0	0	1	0	0
G186V-D190G	7	3	6	9	13	5
F147S-L194P	0	5	0	0	0	1
L194P-P239Q	0	2	0	1	1	1
L194P-P239R	0	0	0	0	1	0
L194P-P239S	0	0	0	2	2	1
L194P-P239T	0	1	1	0	1	4
H184R-L194P-S228N	0	1	0	0	0	0
L194P-P215L	1	2	2	1	0	1
L194P-P215R	0	0	0	1	0	0
L194P-P215S	2	0	0	1	0	1
L194P-P215Q	0	1	0	1	1	1
N126T-L194P-A198P	0	1	0	0	0	0
D190N-L194P	2	2	1	0	0	1
H183Q-L194P	0	1	0	0	0	0
L194P-P239L	1	0	1	0	1	2
E119V-N121I-L194P-I226S-I242R-N250K	1	0	0	0	0	0
L194P-I214N-I230R-K259E	0	0	0	0	1	0
S149R-L194P	0	2	0	0	0	1
L194P-N246T-K259N	0	0	0	0	0	1
S136R-L194P-L251R-I260R	1	0	0	0	0	0
N145K-L194P-I260K	0	0	0	0	1	0
L154S-L194P	2	2	0	0	0	0
L194P-K259N-G263W	0	1	0	0	0	0
F193Y-L194P-I232S	1	0	0	0	0	0
T135P-L194P-L251R	1	1	0	0	0	1
L194P-R224G-L251R	0	0	1	0	0	0
Y161C-L194P	0	0	1	0	1	2
N126T-L194P-S265N	0	1	0	0	0	0
N126Y-L194P-I260M	0	0	0	0	1	0
T135P-L194P-L251R-I260R	0	0	1	1	0	0
H183D-L194P	1	0	0	0	0	0
N145T-L194P	0	1	0	0	0	0
C139S-L194P	0	0	0	0	0	1
F120L-F125C-H156N-L194P	0	0	0	0	0	1
I140T-L194P	0	1	0	0	0	0
L194P-S228G-K259N	0	0	1	0	0	1
L194P-I230N	0	0	0	0	1	0
L194P-I230L	0	1	0	1	2	1
L194P-I230M	1	2	1	0	0	1
L194P-R201K-G240R	0	1	0	0	0	0
L194P-I230K	2	4	1	0	0	3
N121I-N122P-T135P-L194P-I260R	0	1	0	0	0	0
T128P-L194P-P221L-N225T-S228G-I230K-N246T-S247R-P254T	0	0	0	0	0	1
L194P-Y233H-N250K	0	1	0	0	0	0
N126Y-Q191R-L194P	0	0	0	1	0	0
N122D-L194P	1	1	0	1	1	0
T128S-V182G-L194P	0	0	0	0	1	0
L194P-I230V	1	1	1	0	1	0
N126Y-L194P-I260R	11	13	2	5	2	9
L194P-I230T	1	0	0	0	1	0
L194P-I230R	9	17	6	0	12	9
L194P-I214N-Y233N-I260R-S262G	1	0	0	0	0	0
T117P-L194P-N216K	0	0	0	0	0	1
N126Y-S136R-L194P	0	0	1	0	0	0
K173Q-L194P-F258L	0	0	0	0	1	0
E123D-N126Y-L194P-P227L	0	0	0	0	0	1
S136I-L194P	0	0	0	0	0	1
L194P-I232N-I260R	1	0	0	0	0	0
L194P-G240V	0	0	0	0	0	1
Y161N-L194P	0	0	1	0	0	1
N121H-T135P-N145H-L194P-L251R	0	1	0	0	0	0
L194P-I236R-I242M	0	0	0	0	1	0
F120Y-L194P	0	0	0	1	0	0
N165K-L194P	0	1	0	0	0	0
N122T-H156L-L194P	0	1	0	0	0	0
N133H-L194P-R208G	1	0	0	0	0	0
N144K-Y178C-L194P	0	0	0	0	0	1
N126T-T135P-N145H-L194P	0	1	0	0	0	0
N121H-E123A-L194P	5	7	2	1	1	6
L194P-G249E-I252M	0	0	0	1	0	0
S136R-K173N-L194P-R208K-I226V-S228R-I230L	0	1	0	0	0	0
L194P-R222K-S228G-K259N	0	0	0	1	0	0
N126Y-Q132P-L157S-L194P-I260R	0	0	0	1	0	0
T117P-T128P-T135P-Y161S-L194P-I260R	0	0	1	0	0	0
N121H-N145H-T155P-L194P-I236R-N250K-L251R-I260R	0	0	0	0	0	1
N122T-L194P-T206S-I260R	1	0	0	0	0	0
L194P-P239T-K259N	0	1	0	0	0	0
E123A-K158N-D175Y-L194P-I252M-I260R	0	0	0	0	0	1
T167S-L194P-I260R	0	1	0	0	0	1
T155A	0	1	0	0	0	0
S231G	0	0	0	1	0	0
N121H-L194P-I214L-S228R-K259N	1	0	0	0	0	0
T135P-N145H-L194P	0	0	0	1	0	1
N121I-N122T-L194P	0	0	1	0	1	0
K238R	1	0	0	0	0	0
N126Y-L194P-N250K-I260R	0	0	0	0	0	1
T135P-L194P-Y233D	0	0	0	0	1	0
N126T-N133H-L194P	0	2	0	0	0	0
L194P-I226N-I260T	0	1	0	0	0	0
E123A-T128P-S136R-T167S-L194P-I260R	0	1	0	0	0	0
K158I-L194P-I217S-V223G-I236R	0	1	0	0	0	0
E119A-L194P-N250K	0	0	0	0	0	1
S149R-F159S-L194P-I226N-I242V-T248K-F258V	0	1	0	0	0	0
L194P-L243I	0	1	0	0	0	1
K160E-L194P	3	1	1	2	0	4
N121H-T135P-L194P-F258L	0	1	0	0	0	0
T135P	0	0	1	1	0	0
S137T-L194P	0	0	1	0	0	1
L194P-I236V-F258S	0	0	0	0	0	1
T135S-L194P-S265I	0	0	0	0	1	0
L194P-Y233F-N250K	0	1	0	0	0	0
N165I-L194P	0	0	0	1	0	0
N122T-S137P-L194P-I214K-G263R	0	0	0	0	0	1
L194P-I230K-G240R-I242L-G249W	0	0	0	1	0	0
L194P-I232S-P254T	0	0	0	0	0	1
N121H-N126T-T135P-L194P-K259N	0	0	0	0	1	0
L194P-Q210K-I226T	0	0	0	0	0	1
P169T-L194P	0	1	0	0	0	1
E119V-T131P-N145T-M168I-L194P	0	1	0	0	0	0
N122T-F159S-L194P-N250K-I260R	0	1	0	0	0	0
T135P-F174Y-L194P-V223G-N250K-I252M-I260R	1	0	0	0	0	0
L157F-L194P-I230R	0	0	0	0	0	1
L194P-R222K-R229K	0	0	0	0	0	1
L194P-A253V-I260R	1	0	0	0	0	1
N121I-K173T-L194P	0	0	0	0	0	1
R142G-L194P-I260R	0	1	0	0	0	0
P185Q-L194P	0	2	1	1	1	1
L194P-R224K-S247I	0	1	0	0	0	0
T155S-K173Q-L194P	0	0	0	1	0	0
N133H-L194P-I242R-T248K	0	0	0	0	0	1
L194P-L244F-I260R	0	0	0	0	0	1
N121H-E123A-N126K-N133H-L194P	0	0	0	1	0	0
L194P-W234L-I260L	0	0	0	1	0	0
E119A-N126Y-L194P-T235K	0	0	0	0	0	1
L194P-S228R-T235S	0	0	0	0	0	1
L194P-T203I-K259N	1	0	0	0	0	0
L194P-T248P-I252M-I260R	0	1	0	0	0	0
R141M-L194P-I260R	0	1	0	0	0	0
T135S-H156P-L194P-L251R-I252M	1	0	0	0	0	0
L194P-Y233F	0	0	0	2	0	0
T128S-N133Y-K173T-K176N-L194P-T212P-R224K	0	0	0	1	0	0
L194P-Y233D	3	4	3	0	0	7
L194P-Y233C	1	2	0	1	1	0
L194P-S228R-K238T	0	1	0	1	0	0
L194P-Y233N	1	2	0	0	0	1
N122K-L194P	1	0	1	2	0	0
L194P-Y233H	1	3	1	1	0	0
D188H-L194P	0	2	0	0	0	0
L194P-T212P-V213L	0	1	0	0	0	0
L194P-S228R-R255S	0	0	1	0	0	0
L194P-T212P-V213G	0	0	0	1	0	0
L194P-K238T-I260R	0	0	0	0	0	1
L194P-V223E-K259N	0	1	0	0	0	0
L194P-N216Y	0	4	0	0	0	1
E119G-L194P	1	3	1	0	2	2
L194P-S205C	0	1	1	0	0	0
L194P-N216S	2	0	3	1	0	3
L194P-G218E-G263E	0	0	1	0	0	0
N122T-L157S-L194P	1	0	0	0	0	0
L194P-T235A-I260R	0	0	0	0	1	0
L194P-N216I	0	1	0	0	0	0
L194P-N216K	11	16	2	8	6	13
K173Q-L194P-I260R	0	1	1	0	0	1
L194P-N216E	1	0	0	0	0	0
L194P-N216D	1	5	0	1	0	2
N126I-L194P-N216T-S231R-P239S	0	0	0	0	0	1
L194P-S205T	0	2	2	0	0	0
G186V-D190N-T203I	1	0	0	0	0	0
N121H	1	0	1	1	1	0
L194P-S228R-L251R	2	0	0	0	0	0
F147L-L194P-S247C	0	0	0	0	1	0
F148L-L194P-Y233H	0	1	0	0	0	0
S136R-L194P-R224K	1	0	0	0	0	0
N121H-L194P-V204A	0	1	0	0	0	0
S124G-L194P-K238R	0	0	0	0	0	1
L157S-Y161H-V166A-L194P	0	1	0	0	0	0
N121T-N122T-L194P	0	0	1	0	0	0
L194P-I214L-I252M-I260R	0	0	0	0	0	1
N121H-L194P-I252M	1	1	1	0	1	1
L194P-F258I-I260R	0	0	0	0	0	1
G134E-L194P-V223L	1	0	0	0	0	0
E172D-L194P-R220K	0	1	0	0	0	0
N121H-L194P-I252V	0	0	0	0	0	1
N126Y-D188V-L194P	0	0	1	0	0	0
N126Y-L194P-W234S-K259N	0	0	0	1	0	0
T187R-L194P	0	0	0	0	0	1
T117P-E119A-K160N-L194P-I260R	0	1	0	0	0	0
L194P-L251R-I260L	1	0	0	0	0	0
C139W-L194P	0	1	0	0	0	0
N122K-L151W-W153G-L154V-F159C-Y161D-P162R-L164R-V166G-L194P	0	0	0	0	0	1
L194P-L251R-I260R	4	15	7	8	4	6
G129V-L194P	0	3	0	0	0	2
I140V-L194P	0	1	1	0	0	1
P162L-L194P-K259N	0	1	0	0	0	0
T135S-L194P	0	5	5	4	3	7
A138T-L194P	1	2	1	1	0	0
L194P-N250K-I252M-I260R	1	1	1	0	0	2
D188N-L194P	1	2	2	0	1	2
L151F-L194P	0	1	0	1	1	3
N126Y-D188N-L194P	0	0	0	0	0	1
T248R	0	0	0	0	0	1
A163V-L194P-R208G	0	0	0	0	0	1
N121H-N144K-L194P-N250K-L251R-I260R	0	0	0	0	0	1
L194P-T248R-I260R	0	0	1	0	0	0
L194P-I242K-N250K-F258L-I260R	1	0	0	0	0	0
S136N-L194P-I242K	0	0	1	0	0	0
E119A-L194P-T212P-N246S	0	0	1	0	0	0
N126Y-L194P-G263R	0	1	0	0	0	0
L194P-P239T-I245N-N246T-T248K-G249W	0	1	0	0	0	0
L194P-I260R-R261L	0	0	0	0	1	0
N126S-L194P-I260L	1	0	0	0	0	0
S137P-T187M-L194P-P254T-F258V	0	0	0	0	0	1
L194P-I242M-L251R	1	0	0	0	0	0
K160I-L194P-N250K-I260R	0	0	0	0	0	1
L194P-S228R-K238T-N246D-S247L	0	0	0	1	0	0
N126Y-N152I-L194P	0	0	0	0	0	1
Q132P-L194P	0	2	1	2	1	1
N133Y-M168I-G186V-D190G-N250K-F258L	0	0	0	0	1	0
K158E-L194P	2	2	0	1	2	1
L194P-I214L-G218R	1	0	0	0	0	0
L194P-I245M-L251R-I260R	0	0	0	0	0	1
L194P-N225K-F258L	0	1	0	0	0	0
G186V-D190N-I214L-R224M	1	0	0	0	0	0
M168V-L194P-N216K	0	1	0	0	0	0
S136R-L194P-P215A	0	0	1	0	0	0
T117P-E119A-N121P-N122P-E123S-S124L-N126S-W127F-T128P-G129F-V130F-T131P-Q132P-N133P-G134F-T135P-S136R-C139F-I140L-R141L-R142L-N144P-N145P-S146R-S149L-L151F-N152P-W153F-L154F-T155P-H156P-L157F-K158P-K160P-Y161S-L194P	0	0	0	0	0	1
N126Y	1	1	1	4	3	1
G186V-D190G-N246S	0	0	0	1	0	0
N133D-L194P-N246H-F258L-I260M	0	0	0	1	0	0
L194P-L251R-G263A	0	1	0	0	0	0
T131S-N145Y-L194P-I232S-L243I-K259R	0	0	0	1	0	0
N189K-L194P-I252M	0	0	0	0	0	1
N144Y-L194P	0	0	1	0	0	0
C139R-L194P-Q197R	0	0	0	0	0	1
T117P-E119A-N121P-N122P-E123S-S124L-N126P-W127F-T128P-G129L-Q132P-N133P-G134V-T135P-S136R-A138S-C139F-I140L-N144P-N145P-S146L-S149L-N152P-W153L-T155P-H156P-L157F-K158P-K160P-Y161S-L194P	0	1	0	0	0	1
M168I-P169Y-N170P-N171P-L194P	1	0	0	0	0	0
S136R-L194P-I232S-I245M-L251R-I260R	1	0	0	0	0	0
N121H-N122T-L194P	0	1	0	0	0	0
N121H-L194P-L251R-I252M	0	0	1	0	0	1
V182F-L194P	0	0	0	0	1	1
E119A-L157S-L194P-T235K	0	0	0	1	0	0
N121H-L194P-R222K-I232S-L251R-K259N	0	0	1	0	0	0
N121H-L194P-P221A-L243I	0	0	1	0	0	0
L194P-K264N	1	1	0	0	0	2
L194P-D241G	0	1	1	0	0	4
L194P-D241E	0	1	0	0	0	0
N121H-E123A-T135P-L194P-N250K-L251R	0	0	0	0	0	1
L194P-K264E	1	5	1	0	1	1
L194P-G240E	0	1	0	1	2	0
L194P-D241H	0	0	1	0	0	0
L194P-D241N	0	0	0	1	0	4
E123A-L194P-S199P-I260R	0	1	0	0	0	0
I140R-L164V-L194P-I214V-G263R	0	0	1	0	0	0
L194P-D241V	2	2	0	0	1	3
L194P-L244M-P254T	0	0	1	0	0	0
L194P-I232S-I260R	2	2	3	0	0	1
L194P-D241Y	0	1	0	0	0	0
R141M-L194P	1	0	1	0	0	2
L194P-K264R	1	0	2	0	3	4
L194P-S231N-I260R	0	0	1	0	0	0
L194P-P239S-G249W-K264E	1	0	0	0	0	0
L194P-I217S-I260R	0	0	0	0	0	1
K176E-L194P	0	2	0	0	0	1
L194P-S231R-K264E	1	0	0	0	0	0
E123G-T135P-L194P	1	0	0	0	0	0
W127C-L194P-T248A	0	1	0	0	0	0
M168V-L194P-I260M	1	0	0	0	0	0
L194P-N250S-I260R	1	0	1	0	0	0
T167I-L194P	2	0	2	0	0	2
E119A-E172A-L194P	0	1	0	0	0	0
E119A-N121T-L194P	0	0	0	0	0	1
F125S-L194P	1	2	0	0	0	2
D175V-L194P-I252M	0	0	0	0	0	1
L194P-W234C-I260R	0	0	0	0	1	0
L194P-R255S	1	1	4	3	0	3
L194P-R255T	0	2	0	0	0	1
L194P-I230M-I260R	0	1	0	0	0	0
N145H-L194P-N250K-L251R	1	0	0	0	0	0
L194P-V213L-I260R	0	1	0	0	0	0
R142K-L194P-I260R	1	0	0	0	0	0
L194P-A198V-I260R	1	0	0	0	0	0
L194P-N250K-P254A-F258L-I260K	0	0	1	0	0	0
L194P-R222T	0	1	0	0	0	0
L194P-R255G	0	2	0	1	0	1
L194P-R255K	0	0	0	0	1	1
T135P-L194P-R224S-I252M	0	0	0	1	0	0
G134R-L194P	3	1	0	1	1	4
L194P-I214L-K259N	1	5	1	3	1	1
T128P-L194P	0	0	0	0	0	2
N121H-L194P-K207R	0	1	0	0	0	0
N121H-L194P-L243I-N250K-L251R-I252M-I260R	0	1	0	0	0	0
K160N-L194P-R220K-I260R	0	0	0	0	0	1
E119A-L194P-R224K-I260R	0	1	0	0	0	0
N133H-L194P-S209R-Q211P-R224K-N225K-I232S	1	0	0	0	0	0
T117A	0	0	0	0	1	0
W127R-L194P	0	0	1	1	0	0
L194P-I245M-I260L	1	0	0	0	0	0
F159S-L194P-N225K-S228N-R229S	1	0	0	0	0	0
V166E-L194P	0	1	0	0	1	0
N133H-L194P-T235K-I252M-K259T	0	0	1	0	0	0
N121H-E123A-N126T-L194P-L251R	1	0	0	0	0	0
G186V-D190N-K259N	0	1	0	1	2	1
N170Y-L194P	0	2	0	0	0	1
K173Q-L194P-L243P-F258L	0	0	0	0	0	1
L194P-R208K	1	0	0	1	0	1
N126Y-G134V-L194P	0	0	0	0	0	1
L194P-G249E-I260R	1	0	0	0	0	0
K160T-L194P	1	1	0	0	1	0
L194P-I202V-I260R	0	0	0	1	0	0
N126Y-K173Q-L194P	1	2	0	0	0	0
L194P-R208G	7	10	2	2	1	9
E119A-N122T-L194P-L251R-I260R	0	1	0	0	0	0
N126T-L194P-T235K	0	0	0	1	0	0
L194P-N250K-I252M	6	1	4	0	1	8
S136R-L194P-I260R	0	2	0	0	0	2
I192F-L194P	0	0	0	0	1	0
L194P-R208S	0	1	0	0	0	0
L194P-I232N	0	2	0	0	0	2
F120L-S143P	1	0	0	0	0	0
E119A-N133Y-L194P	0	0	1	0	0	0
L194P-I214L-S228R-N250K	0	0	0	1	0	0
N126Y-L194P-K259N	1	1	0	1	0	3
L194P-K238R-K259N	0	1	0	0	0	1
T135P-L194P	26	38	16	9	12	31
N133H	0	0	0	1	1	0
G181R-L194P	0	1	0	0	0	1
H156Y-E172A-L194P-L243I-N250K	0	0	0	0	0	1
R141W-L194P	0	1	0	0	0	1
V182A-L194P-I232S	0	1	0	0	0	0
N126Y-L194P-S247R-I260R	0	0	0	0	0	1
L194P-R201G-I260R	1	0	0	0	0	0
L194P-I242V-S265G	0	0	0	1	0	0
G186V-D190N-P254T-I260R	0	0	0	1	0	0
L194P-R224M	0	0	0	0	0	1
N145Y-L194P-D241G	0	1	0	0	0	0
L194P-A198P	0	0	0	0	0	1
L194P-A198S	1	0	2	0	1	0
L194P-A198T	1	4	1	0	1	1
L194P-A198V	0	1	1	0	0	2
P162Q-L194P-I260R	0	0	0	0	0	1
F120V-L194P	0	2	2	0	0	2
N121H-L194P-V213G-S228R	0	1	0	0	0	0
L194P-A198E	0	0	0	0	0	1
L194P-I214V-P215Q-T235K-A253D	0	0	0	0	0	1
G186V-D190N-L194P	0	0	1	0	0	0
E123A	1	0	0	0	0	0
W127L-S146N-L157S-L194P-P254N	0	1	0	0	0	0
Q191K-L194P	1	0	2	1	0	0
S228R-K259N	0	0	0	0	1	0
G181W-L194P-P221T	0	0	1	0	0	0
N126Y-L194P-Q210K	0	1	0	0	0	0
N133D-L194P	1	0	0	1	0	1
T203S	0	0	0	1	0	0
F174S-L194P-T203A-L251R	0	1	0	0	0	0
L194P-K207N	1	1	0	3	0	2
L194P-N216K-I230R	0	1	0	0	0	0
L194P-S228R-K259N	2	12	5	1	3	11
N121T-W153C-L194P	0	1	0	0	0	0
L194P-K207E	1	1	0	1	0	1
L194P-I214L-I236M	0	0	0	0	1	0
L194P-I214L-S228R	4	0	0	0	0	2
F120S-N122T-L194P	0	0	1	0	0	0
L194P-K207Q	0	0	0	0	0	1
L157S-L194P-I260R	3	0	1	0	0	0
S146I-L194P-S262T	0	0	1	0	0	0
N121T-L194P-K259N	1	0	0	0	0	0
E119A-N121H-N122T-E123A-K160N-K173Q-L194P-N250K-F258L	0	0	0	1	0	0
L177S-L194P-S228G	0	0	0	0	0	1
K160R-L194P	1	3	1	1	0	2
L194P-K207I	0	3	0	0	0	0
N121T-L194P-I230T	0	1	0	0	0	0
L194P-K238T-T248S-N250S-S262R-S265T	0	1	0	0	0	0
S124R-L194P-S228R-K259N	0	1	0	0	0	0
L157S-L194P-I260L	2	0	0	1	0	0
T135P-F193Y-L194P-I252M	0	0	0	1	0	0
L194P-I230R-T235K	1	0	0	0	0	0
N165K-V166E-M168R-P169R-L194P	0	0	1	0	0	0
T135I-L194P-T206A-I260L	1	0	0	0	0	0
K160T-L194P-Q210K-P221T-S231N	0	0	0	1	0	0
N152Y-L194P	0	1	0	0	0	0
S149I-L194P	0	1	0	0	0	0
L194P-N216T-I260K	0	1	0	0	0	0
F125S-L194P-A253D	0	0	0	0	0	1
N122T-L194P-I232F	0	1	0	0	0	0
N121H-E123A-T155P-L194P	1	0	0	0	0	0
N121H-N145H-L194P-L251R-I260R	1	1	0	0	0	0
K158N-L194P-I232S	0	1	0	0	0	0
E119K-D190N-L194P	0	0	0	0	0	1
N121H-N126Y-L194P	1	1	0	0	0	0
N145H-L194P-S209I-I260R	0	1	0	0	0	0
E123A-L194P	24	27	9	9	5	15
T117A-I140V-L194P	0	0	1	0	0	0
L194P-N216K-L251R	0	0	1	0	0	0
L194P-R255W-I260L	1	0	0	0	0	0
N121D-L194P-I260R	0	0	0	0	0	1
N121H-E123A-N145H-L194P-I236R-L251R-I260R	1	0	0	0	0	0
T135P-L194P-N250K-I252M	1	2	2	0	0	3
G186V-D190N-F258L	0	0	0	1	0	0
L194P-N216K-R255K	0	1	0	0	0	0
N121H-L194P-L251R-I260R	0	0	0	0	0	1
L194P-K207E-K238R-A253T	1	0	0	0	0	0
L194P-K238T-K259N	2	2	0	1	0	1
F159L-L194P-L251R-I260R	1	0	0	0	0	0
N133H-T135P-L194P-L251P	0	1	0	0	0	0
I140L-L194P-R208S	0	0	1	0	0	0
V182A-L194P-V223L	0	1	0	0	0	0
C139F-G186V-D190N-Y233D-W234R-K238N-P239T-L244F-S247R-G249W-N250K-P254A-F258L-I260K-G263E	0	0	0	1	0	0
L194P-I214L-K238T-K259N	0	0	0	0	0	1
T155S-L194P-Y233N	0	0	1	0	0	0
L194P-S228G-I230K	1	0	0	0	0	0
T187A-L194P	0	1	0	0	0	5
N121H-G186V-L194P	0	0	0	0	1	0
L194P-G218R-K259N	0	0	0	0	0	1
T135S-A163V-L194P	0	0	0	0	0	1
N126Y-L194P-I245N	0	0	1	0	0	0
L194P-S231R-N250K	0	0	0	0	1	0
N121H-T135S-L194P	1	0	0	0	0	0
N121H-N122T-L194P-I260R	0	0	0	0	1	1
N121H-N126T-S136R-L194P-R224G-N250K	0	1	0	0	0	0
N121D-W127R-L194P-S231G-F258L	0	0	0	0	0	1
L157V-L194P-I260R	0	0	0	0	0	1
L194P-Q210K-N250K	0	0	1	0	0	0
E123A-L157S-L194P-P221L-P254T	1	0	0	0	0	0
N122T-N189I-L194P	0	0	0	0	0	1
L194P-I214S-A253D	0	1	0	0	0	0
E119V-L194P	2	0	0	0	0	2
R150K-L194P	0	0	0	1	0	0
D175V-L194P	0	1	1	0	1	1
L194P-T235R	2	0	1	0	0	0
L194P-T235S	2	2	0	1	1	4
T117P-K160N-L194P	0	0	0	0	0	1
N144S-G186V-D190G	0	0	0	0	0	1
L194P-R224M-K259N	0	0	0	0	0	1
L164S-L194P-I230R	0	0	0	0	1	0
H156Q-L194P-N250K	0	0	1	0	0	0
T131P-D188V-L194P	0	0	0	0	0	1
K158E-L194P-T235A	0	0	1	0	0	0
L194P-T235A	0	1	1	0	0	3
E119A-L164F-L194P	1	0	0	0	0	0
V166M-L194P	2	0	1	3	0	4
L194P-T235K	8	26	6	7	5	11
T128A-T135P-L194P	0	1	0	0	0	0
T135P-L194P-N216K	0	1	0	0	0	0
H156Y-L194P	3	1	0	1	0	1
L194P-N250D-G263R	0	0	0	1	0	0
N122T-E123D-L157S-L194P	0	0	0	1	0	0
L164F-L194P-I214N-N216K-L243R-K264I	0	1	0	0	0	0
N126H-L194P-I252M	0	0	0	0	0	1
E119A-L164F-L177S-L194P-I260R	0	0	0	1	0	0
L194P-I245M-K259N	0	0	0	0	0	1
E119A-N121P-N122P-E123A-N126P-W127C-Q132H-N133P-G134F-T135P-S136R-N144P-N145P-S146L-S149L-H156P-L157F-K158P-K160P-Y161S-L194P	0	1	0	0	0	0
T167S-L194P-F258L	0	1	0	0	0	0
F174S-L194P-I260M	0	0	0	0	0	1
Y178N-L194P	0	0	2	1	0	0
N126Y-L194P-V204I	0	1	0	0	0	0
L194P-F258L-K259N	0	1	0	1	0	0
F174S-L194P-V237I	0	0	0	0	0	1
N121H-N122T-L194P-K238R-K259R-G263R	0	1	0	0	0	0
F193L-L194P-F258L	0	1	0	0	0	0
F174S-L194P-V237L	0	1	0	0	0	0
L194P-V213G-S219Y-I260R	1	0	0	0	0	0
L194P-N246S-I260R	0	1	0	0	0	0
L194P-N225H-S228R-L251R	0	0	0	0	0	1
L194P-V213G-Y233N	0	0	1	0	0	0
N126S-T135P-L194P	1	0	0	0	0	0
N126Y-D188H-L194P	0	1	0	0	0	0
N121H-E123A-L194P-S228R-I260R	0	0	1	0	0	0
L194P-A253D	0	4	0	0	0	1
L194P-A253G	0	1	0	0	0	0
N126Y-L194P-I232S	0	1	0	0	0	1
L194P-K207N-F258L	0	0	0	0	1	0
L164F-L194P-I260R	0	0	0	0	1	1
T117I-L194P	2	3	1	1	0	0
L194P-A253T	0	3	2	1	0	2
L194P-A253V	0	0	0	0	1	1
L194P-A253P	0	1	1	0	0	0
L194P-A253S	1	1	2	0	0	0
N121H-K173Q-L194P	0	0	0	0	1	1
V130A-L194P-I252M-I260R-S265G	0	1	0	0	0	0
K173T-L194P	1	2	4	0	0	2
N121H-T135A-L194P	0	1	0	0	0	0
N122T-K160N-L194P-I245M-I260R	0	0	0	0	0	1
L194P-I214L-S228G-K259N	0	1	0	0	0	0
Y161H-K173I-L194P	1	0	0	0	0	0
N121H-N122T-L194P-I214V-S247R-L251R-I252L-K259N	0	1	0	0	0	0
K173R-L194P-Q211P-I214N-S231R-I245M-I260R	0	1	0	0	0	0
E123A-N126T-K173Q-L194P	0	1	0	0	0	0
F125V-T128A-L194P	0	0	0	0	0	1
L194P-R201I-S228R	0	0	1	0	0	0
L194P-I214S-F258L	0	0	1	0	0	0
N126Y-L194P-V213G	0	1	0	0	0	1
T135S-N144K-L194P	0	0	0	0	0	1
N133H-L194P-N250K-I260R	0	0	0	0	0	2
D188G-L194P-V213A-N250K	0	0	0	0	1	0
R150S-L194P	1	1	1	1	0	2
E119D-L194P	0	0	0	1	0	0
P169A-T187M-L194P	1	0	0	0	0	0
G186V	0	2	4	8	1	0
L194P-I236L-Y257H	0	0	0	0	0	1
I140R-L194P-I260R	1	0	0	0	0	0
N121H-V166M-L194P	1	1	0	0	0	0
L194P-I214N-P254T	0	0	0	0	1	0
G186A	1	0	0	0	0	0
F120V-N122D-L194P-I245T-T248I-G256A-K259N-I260K-K264E-S265T	1	0	0	0	0	0
Y178C-L194P-K259N	0	1	0	0	0	0
N126Y-L194P-S209R	0	0	0	0	0	1
N170T-L194P	1	1	0	0	0	0
D190H-L194P	0	0	0	0	0	1
E123A-T135P-L194P-I260R	0	0	1	0	0	1
W180C-L194P	0	1	3	0	1	1
S146R-L157S-L194P	1	0	0	0	0	0
L194P-R220G-Y233N	1	0	0	0	0	0
G186V-L194P-I217N	0	0	0	1	0	0
T117P-E119A-N121P-N122P-E123A-N126P-W127L-T128P-T131P-Q132H-N133P-G134L-T135P-S136R-I140L-R142S-N144P-N145T-S146I-S149L-R150L-L151F-H156P-L157F-K158T-K160P-Y161S-L194P	0	1	0	0	0	0
L194P-I214L-L251R-K259N	0	1	0	0	0	0
G186V-F193L-N246S	0	1	0	0	0	0
N121H-L194P-I230R	0	1	0	1	0	0
S136R-F147L-L194P	0	0	1	0	0	0
K173N-G186V-D190G-N250S	0	1	0	0	0	0
E123A-V130A-L194P	0	0	0	0	0	1
L194P-I214L-S228R-L251R-I260R	0	0	0	0	0	1
T135K-L194P-K259N	0	0	0	1	0	0
N126T-L194P-Q210H	0	1	0	0	0	0
N126Y-L194P-R224S	0	0	0	0	0	1
M168L-L194P-L251R-I260R	0	0	1	0	0	0
N122I-G129R-L194P	0	0	0	0	0	1
S149R-L164V-L194P	0	0	0	0	0	1
L194P-I214S-K238R	0	1	0	0	0	0
T128P-L194P-P254T-I260R	0	0	0	1	0	0
N121H-L194P-S228R	0	2	0	1	0	0
E123A-L194P-N250K-P254T	0	1	0	0	0	0
G186V-D190G-I252M-F258I	0	1	0	0	0	0
C139Y-L194P	0	4	1	0	0	1
N121H-L194P-S228G	0	1	0	0	0	0
N126Y-L194P-A253P	0	0	0	0	0	1
L164F-L194P-N216K-Y233N	0	1	0	0	0	0
F147I-L194P	0	0	3	1	0	0
L194P-I245M-N250K-L251R-I260R	0	0	0	0	0	1
N121H-T155A-L194P	0	1	0	0	0	0
T135P-T167P-L194P	0	0	1	0	0	0
L177S-L194P	0	1	0	0	0	0
L194P-S205F	0	1	0	0	0	0
N171I-L194P	0	1	0	1	0	1
L194P-S231R-I252T	0	0	0	0	0	1
H183R-L194P-S228R-K259N	0	0	0	0	0	1
L194P-Y195S-V204F	0	1	0	0	0	0
N144K-L194P-Y233D	0	1	0	0	0	0
G129E-L194P	1	2	1	0	0	3
R142I-L194P	0	0	0	1	0	0
S124N-L194P-N216S-K259N	0	0	0	0	0	1
N133H-M168K-L194P	1	0	0	0	0	0
R224W	1	0	0	0	0	0
G181E-L194P	0	1	0	0	0	2
L194P-N250K-L251R	0	3	0	0	0	0
L194P-A196T-T235I	0	1	0	0	0	0
L164F-L194P-T212S	0	0	0	0	0	1
E123A-L194P-T212A	0	1	0	0	0	0
L194P-K207R	0	1	0	0	0	0
L194P-V223E-T235K-N246D	0	1	0	0	0	0
L194P-I232F-Y233N	1	4	0	0	0	3
L194P-Y195N-I202T	1	0	0	0	0	0
L194P-R208G-G263W	0	1	0	0	0	0
N144S-L194P-Q210K	0	1	0	0	0	0
D188G-L194P	1	5	2	0	0	0
N126Y-L194P-K207N	0	1	0	0	0	0
K173Q-L194P-P221H	0	1	0	0	0	0
F125S-N126I-R150S-L194P-I230K-Y233N-W234R-I236V-G249W-N250K-Y257D-I260K	0	0	0	0	0	1
T135P-A163E-L194P	0	1	0	0	0	0
F159S-L194P-I252M	0	1	0	0	0	0
P162T-K173T-L194P-I232S-T235K-F258C-K259N	0	0	1	0	0	0
T135P-G186V-D190N	0	0	0	1	0	0
F120L-V130A-L194P	0	0	0	0	0	1
L194P-P221L	0	2	0	1	0	2
N144K-L194P-P215A-I236V-K238R-I245L-L251R-R255T-F258S-I260R-G263R-K264I	0	0	0	0	0	1
N144T-L194P	0	0	0	0	1	0
L194P-P221H	2	3	1	1	3	2
L194P-V223G-P227H	1	0	0	0	0	0
L194P-P221A	0	0	0	1	0	0
N122T-T128P-S146R-T167I-L194P-T203S-I236V-K238R-Y257C	0	1	0	0	0	0
R150I-L194P	0	2	0	1	0	0
K158R-L194P	0	0	1	0	0	1
W127C-L194P-W234G-I252M	0	1	0	0	0	0
L194P-Y195C-I230R	0	0	0	0	1	0
L194P-P221T	3	7	2	1	1	3
L194P-P221S	1	0	0	0	0	2
I192V-L194P	0	2	0	0	0	1
L194P-N216K-V223G	0	0	0	1	0	0
K158I-L194P-I217V-S228N	0	0	0	1	0	0
E119Y-N121H-E123A-N126I-W127C-T135S-S136I-R141S-N145F-S146I-S149T-K158F-L194P	0	0	0	0	1	0
E123A-L194P-I252M	0	1	0	0	0	0
G134V-L194P	0	1	0	0	0	2
L194P-P221L-F258L	1	0	0	0	0	0
P169H-N170H-N171P-L194P	0	1	0	0	0	0
K173N-L194P-V213G	0	1	0	0	0	0
L194P-Q211P-P221R	0	0	0	0	0	1
H156Y-Q191L-L194P-I202T	0	1	0	0	0	0
G129R-L194P-I232S	0	1	0	0	0	0
L194P-P221R	0	1	0	0	0	1
E119S-N122H-E123D-S136I-S146R-S149I-R150I-L157F-K158Q-K160T-L194P	0	1	0	0	0	0
L194P-Q211P-K259N	0	1	1	0	0	2
L118P-L194P	1	0	4	2	1	1
N121S-E123Y-N126Y-T131P-S136G-K158N-L194P-I230T	0	0	1	0	0	0
N126T-L194P-K259N	0	2	0	0	0	2
L157F-L194P-Y195H-N250K	0	0	1	0	0	0
R142K-N144H-L194P-I260R	0	0	1	0	0	0
K160N-L194P-V213L	1	0	0	0	0	0
L154M-L194P	0	1	0	0	0	1
L194P-I217N-V237E-P254S-F258V	0	1	0	0	0	0
L194P-F258C-I260R	0	2	1	0	0	0
L194P-K238N-I242L-N250K-P254A-F258I-I260R	0	1	0	0	0	0
L194P-L251R-I252M-I260R	0	0	1	0	0	0
L154M-L194P-I260R	0	0	0	0	0	1
M168T-L194P-I260R	1	0	0	0	0	0
L194P-Y233D-I252M	0	0	0	0	0	1
K173T-L194P-Q211R	0	0	0	1	0	0
L194P-N250K-L251R-I252M	0	0	0	0	0	1
F120C-N133K-N145K-S146R-F147C-F148G-S149R-L151A-N152K-F159A-Y161D-V166G-L194P	0	1	0	0	0	0
E172V-L194P	3	0	0	0	0	0
N121H-E123A-W127C-T155P-L194P-L251R	0	1	0	0	0	0
F120L-I232S	0	0	0	0	0	1
E123A-T135P-L194P	0	2	0	1	0	0
S146C-L194P	0	1	1	0	0	0
S146T-L194P	0	0	1	0	0	0
K160I-Y178C-L194P	0	1	0	0	0	0
H184R-L194P	0	1	0	0	0	1
N121H-L194P-N250K-F258L	0	0	1	0	0	0
G186D-D190N	1	0	0	0	0	0
E119A-Q132P-L194P-I260R	1	0	0	0	0	0
Y178N-L194P-R222K-K259N	0	1	0	0	0	0
D175H-L194P	0	1	2	0	0	1
A163G-L194P	0	2	0	0	0	0
N122T-T135P-L194P	0	1	0	0	1	0
T128P-L194P-N246S	0	1	0	0	0	0
L194P-G249R-K259R	0	1	0	0	0	0
L194P-T212A-F258C	0	0	1	0	0	0
L194P-I226T-I242T	0	0	0	0	0	1
F148S-G186V-N246S	1	0	0	0	0	0
K160E-L194P-T206A	0	0	0	1	0	0
L194P-I214N-S231R-L251R	0	0	1	0	0	0
G186V-D190G-P254T-I260R	0	0	0	0	1	0
D175V-L194P-T235K	0	0	0	0	0	1
N225K	0	0	0	1	0	0
N121H-L194P-N216S-L251R	0	0	0	0	0	1
L194P-I245N	1	3	1	0	0	1
N121H-E123A-L194P-S228R-I236V	1	0	0	0	0	0
L194P-I245M	2	4	2	2	1	1
T135S-L194P-F258L-I260R-G263R	0	0	1	0	0	0
L194P-I245F	1	3	0	0	0	0
N122T-G186V-D190G-I230K-F258L	0	1	0	0	0	0
Y178F-L194P	0	1	1	1	0	2
P162T-A196T	0	0	1	0	0	0
Y178N-G186V	0	0	0	1	0	0
L194P-I245V	0	2	1	0	0	0
L194P-G218E-R261Q	0	1	0	0	0	0
L194P-I245T	0	2	2	0	0	4
S136C-L194P-Y233D	0	1	0	0	0	0
L194P-I245S-I260R	0	0	1	0	0	0
N126Y-S137T-L194P	0	1	0	0	0	0
E119A-L194P-P215Q-I260R	0	0	1	0	0	0
D188G-L194P-I260L	1	0	0	0	0	0
S136R-L194P-S231R-I245M-L251R-A253D-P254T-I260R	0	0	0	0	0	1
M168K-L194P-T235K	0	0	0	0	1	0
S137F	0	0	0	1	0	0
L194P-N250D-I260R	0	0	0	0	0	1
E119Q-L194P	1	0	0	0	0	0
L194P-R229G-N250K	0	1	0	0	0	0
T187K-L194P-S219C	1	0	0	0	0	0
L194P-Q211P-N225K	0	1	0	0	0	0
I179T-L194P-I260R	0	1	0	0	0	1
N133K-L194P	0	2	0	0	0	0
L194P-I230K-N250K	1	0	0	0	0	0
S247R	1	0	0	0	0	0
I179L-L194P	0	0	0	1	0	0
L194P-A196S	1	1	0	0	0	1
L194P-A196P	0	0	0	1	0	0
W127C-L194P-I260R	0	0	0	1	0	0
L194P-A196V	0	1	0	0	0	1
L194P-A196T	2	3	2	2	0	0
L194P-A196G	0	0	0	0	1	0
N121H-N126T-T187A-L194P-I214L-I260R	0	1	0	0	0	0
Q191E-L194P	1	0	0	0	0	1
L194P-S228R	4	21	6	5	7	14
L194P-Q211H-I214L	0	1	0	0	0	0
T128I-T135P-L194P	0	1	0	0	0	0
K173T-L194P-L251R	0	1	0	0	0	0
L164S-L194P	0	0	1	0	0	1
N171D-L194P-I260R	0	2	0	0	0	0
N121H-L194P-R201K	0	0	1	0	0	0
T117P-N122T-L194P-L243R	0	0	0	0	0	1
N126Y-G186D-L194P	1	0	0	0	0	0
N126Y-Y161F-L194P	0	0	0	0	0	1
S146R-L194P-I214N-I236R-L251R-I260R	0	0	1	0	0	0
L194P-Y233D-L251R-I252M-F258L	0	1	0	0	0	0
G181W-L194P-K259N	1	0	0	0	0	0
L177F-L194P-I230T	0	0	1	0	0	0
N121H-N126Y-L194P-S228C-K259N-K264R	0	1	0	0	0	0
N126Y-G129R-L194P	0	1	0	0	0	0
K160N-L194P	3	3	5	1	2	3
L164M-L194P-P254H	0	0	0	0	1	0
L194P-I230R-F258I	0	0	1	0	0	0
L194P-I245N-N246T-A253V-F258L-K259Q-I260R	0	0	1	0	0	0
K173N-L194P-R224K	0	0	0	0	0	1
N121I-L194P-I214N-L244V	0	1	0	0	0	0
T155P-L194P-S205F	0	0	0	0	1	0
L194P-V213G-I260R	0	0	0	0	0	1
L194P-R201S-L251R	0	0	1	0	0	0
N121H-S124G-L194P	0	0	0	0	0	1
N171T-L194P	1	1	1	0	1	0
N121S-L194P-I260R	1	0	0	0	0	0
N133H-L194P-S231R-I260R	1	0	0	0	0	0
S124C-N133H-L194P-I230T-N250H	0	0	0	1	0	0
E123A-N133Y-H156P-L194P-I260R	0	1	0	0	0	0
L194P-S228R-I232S-I260R	0	1	0	0	0	0
F147L-L157S-L194P-I260L	1	0	0	0	0	0
P162L-L194P	0	1	2	1	0	2
L194P-I214V-N250K-I260R-G263R	0	0	0	0	0	1
Q132P-L194P-I230K-I242L-N250K-F258L-I260K	0	0	0	0	0	1
L194P-I230E-I260V	0	0	1	0	0	0
A163E-L194P	1	0	0	0	0	0
L194P-V223E-I260R	1	0	0	0	0	0
E123A-L194P-L251R-I260R	0	0	1	0	0	0
L194P-V223I-S228G	0	1	0	0	0	0
E119A-A163S-L194P	0	0	0	0	0	1
L194P-G256D-I260R	0	0	0	0	0	1
L194P-V204D-F258L	0	0	0	0	0	1
S136R-L194P	1	6	0	0	1	4
S143P-F147L-L194P-I260R	1	0	0	0	0	0
L194P-Y233D-I260R	0	1	0	0	0	0
T135P-L194P-S209R	0	1	0	0	0	0
E123A-L194P-R208G-S228R	0	1	0	0	0	0
E119G-T135P-L194P	0	0	0	1	0	0
K173Q-L194P-T235R	0	0	0	1	0	0
N121H-L194P-V223A	1	0	0	0	0	0
N121H-N126I-A138P-L194P-G249W-A253V-F258I-K259Q	1	0	0	0	0	0
L194P-L243V	0	0	0	0	0	2
L194P-L243P	4	0	1	0	0	2
L194P-L243R	2	1	1	1	0	3
N121H-T135P-L194P	1	2	1	1	0	2
N171K-L194P	1	1	1	0	0	1
L194P-L243H	0	0	0	0	0	1
L194P-V213G-I230K	0	0	0	0	1	0
L194P-L243F	0	1	1	1	0	0
N145H-L194P-L251R-I260R	1	1	0	0	0	0
K176E-L194P-K259N	0	0	0	0	0	1
L194P-N216S-I260R	0	0	0	0	1	0
L194P-P239S-L244S	0	1	0	0	0	0
L194P-S209R-F258C	0	1	0	0	0	0
F125S-T135P-L194P-N250K-I252M	0	0	0	0	1	0
V182I-L194P	1	3	1	0	0	1
N126Y-L194P-N225K-I230K-T235K-I242R-I245V-N250K-I252M-P254H	0	0	0	0	0	1
L194P-P239L-K259N	1	0	0	0	0	0
L194P-I230R-P239S-I252M-P254H	1	0	0	0	0	0
E123A-L194P-A253D	0	1	0	0	0	0
E123A-L194P-L251R	1	1	0	0	0	0
L157S-L194P	29	5	1	8	3	6
C139Y-L194P-I214L-S228R	0	0	1	0	0	0
N126H-K173I-L194P	0	0	0	0	0	1
V130A-L194P	2	1	0	0	2	2
L194P-P227A-R229K-V237I-G263R	0	1	0	0	0	0
S228R	0	0	0	1	2	0
H184Y-L194P-I260R	1	0	0	0	0	0
L194P-I242M	1	4	1	0	0	1
L194P-Q197K-I214L-S247R-K259N	0	0	0	1	0	0
L194P-I242K	0	1	1	0	0	3
N126T-F193L-L194P-I260R	0	0	0	1	0	0
N121H-T135P-N145H-L194P-N250K-L251R-I252M-I260R	0	0	0	0	0	1
N133I-N145H-L194P-I260R	0	0	0	0	0	1
C139Y-L194P-I252M	0	0	0	0	0	1
L194P-P254H-Y257D	1	0	0	0	0	0
L194P-G256D	0	1	1	0	0	2
L194P-R208T	0	0	0	0	0	1
L194P-I242T	0	2	1	0	1	0
L194P-I242R	0	0	1	1	1	0
E119A-L194P-I260R	0	0	0	0	0	2
N121H-H183R-L194P	0	1	0	0	0	0
L194P-I252V	1	1	2	0	0	2
L194P-I214L-N216T-S228R-K259N	0	0	0	0	1	0
L194P-I252T	0	2	2	0	1	3
L194P-T248I	0	2	0	0	0	1
L194P-V223G-S228R-I230R-W234G-I242K	0	1	0	0	0	0
N121H-E123A-N126T-N145H-T155P-L194P-L251R-I260R	1	0	0	0	0	0
S137P-L194P-V237E	0	0	0	1	0	0
T135P-L164F-L194P	0	1	0	0	0	0
L194P-I252F	1	0	0	0	1	1
V166M-T187S-L194P	0	0	0	0	1	0
T128S-L194P	1	3	0	0	2	4
L194P-I252N	0	1	1	2	2	0
N121I-N122T-E123A-F125V-N126Y-G129V-Q132R-T135S-S143A-L194P	0	0	0	0	0	1
L194P-I252L	1	0	0	0	0	0
L194P-I252M	28	49	30	13	11	42
L194P-S231R-I260M	0	0	0	0	0	1
L151S-L194P-I260R	0	1	0	0	0	0
N121H-N126T-L194P	2	1	0	0	0	1
L194P-I242T-I260L	0	0	1	0	0	0
N126Y-A138T-L194P-S262N	0	0	0	0	0	1
K173Q-H184Y-L194P	0	0	1	0	0	0
L164W-N165T-V166W-T167Y-M168C-L194P	0	0	0	0	1	0
E123A-M168I-L194P	0	0	0	0	0	1
V182A-L194P-I242L	0	0	0	0	0	1
N121D-L194P	0	2	1	1	1	1
N171D-L194P	0	2	1	0	0	0
N121H-L194P-I214V	0	0	0	0	1	0
D175N	0	0	0	0	1	0
E123A-K158E-L194P-I260R	0	1	0	0	0	0
G186V-D190G-N216K	0	0	0	1	0	0
L194P-G218R-L251R	0	0	0	1	0	0
T135P-L194P-I252M-I260R	1	2	0	0	0	1
L194P-W234R-I242K-L251R-I260R	0	1	0	0	0	0
F174I-L194P	1	1	1	0	0	1
N126Y-T135S-L194P	0	0	1	0	0	0
L194P-K238T	2	0	0	0	2	1
D190E-L194P	1	1	0	0	0	2
L194P-K238R	1	1	3	0	1	4
L194P-K238N	1	2	0	0	0	1
N126T-L177M-L194P-N250K	1	0	0	0	0	0
L194P-I214N-N250Y	0	0	0	0	0	1
L194P-S247R-L251Q-I252K-A253V-Y257D-F258L-K259R-I260R-S262R	1	0	0	0	0	0
N126T-Y178F-L194P	1	0	0	0	0	0
L194P-S209G-K259E	0	0	0	0	0	1
L194P-N250K-L251R-I260R	1	1	3	1	1	3
E119A-N121H-L194P	0	0	1	0	0	0
L194P-V204I-I214S	0	0	1	0	0	0
L154F-L194P-N250K	0	1	0	0	0	0
L194P-N225S-I260L	1	0	0	0	0	0
N121H-L194P-K264E	0	0	1	0	0	0
F159Y-L194P-N216K	0	0	0	0	0	1
L194P-I214V-I217V-R222G-R224G-I230M-S231G-I232V-I236M-N250D-L251R	1	0	0	0	0	0
S137P-L194P-R220S	1	0	0	0	0	0
L194P-I214V-I232S	0	0	0	0	0	1
N122T-L194P-R224S	0	1	0	0	0	0
K176E-G186V-T187M-D190N	0	0	0	1	0	0
Q132P-K176N-L194P	0	0	0	0	0	1
Q132R-W153C-K176E-L194P	0	1	0	0	0	0
T117P-L194P-Y233N-I260R	0	1	0	0	0	0
L194P-R208K-I214S-P221T	0	0	0	0	0	1
N133Y-L194P	3	3	1	0	1	10
L194P-V213G-N216K	0	0	0	0	1	0
V182A-L194P-I260R	0	1	0	0	0	0
P169S-L194P-S228R	0	1	0	0	0	0
F159I-L194P	0	0	0	1	0	1
L194P-N250K-I260R	3	7	2	1	3	7
R141G-L194P-I230R-V237L	1	0	0	0	0	0
L194P-N250K-I260L	1	0	0	0	0	0
L194P-N216K-N250K-I260R	0	0	0	1	0	0
N144Y-L194P-G256C-F258L	0	0	0	0	1	0
D190G-L194P	1	2	1	0	1	1
N126Y-L194P-F258L	1	1	0	0	0	1
W127L-R142S-S143P-L194P-Y233E-K238Y-P239T-L244V-I245V-T248I-G249E-N250R-P254A-Y257G-F258I-I260K-K264E	0	0	0	0	1	0
E123Q-L194P	0	0	1	0	0	0
N126Y-L194P-F258C	0	0	0	0	1	0
I230R	0	0	0	1	0	0
P169S-L194P	2	2	2	0	1	2
T128A-L164F-L194P-L251R	0	0	0	0	0	1
P169Q-L194P	0	0	0	0	0	2
L194P-N250K-S262N	0	0	0	0	0	1
F125C-L194P	0	0	1	0	0	0
N126T-L194P-I230R	0	1	0	0	0	0
T131S-L194P	1	2	3	0	0	1
L194P-Y195C-R255M-Y257H	0	0	1	0	0	0
L194P-S247T	1	0	0	0	0	0
L194P-S247R	1	7	1	1	2	2
A138D-M168K-L194P	1	0	0	0	0	0
C139R-L194P-N250K-I252M	0	0	1	0	0	0
N121H-T135P-L194P-I260R	0	2	0	1	0	1
N122T-L194P-V223E	0	0	0	0	0	1
L194P-N250D-I252M-F258L-G263R	0	0	1	0	0	0
N126Y-L194P-T235K-I260R	0	0	0	0	0	1
L194P-S247G	0	1	0	2	0	2
P162S-H184L-L194P	0	0	0	0	0	1
L194P-S247C	0	0	1	0	0	2
L194P-S247N	0	2	0	2	1	0
K173Q-L194P-L244S	1	0	0	0	0	0
L194P-P227T-N250K	0	1	0	0	0	0
E119A-T187M-L194P	0	0	0	0	1	0
L194P-I226V-L251R-I260R	0	0	0	0	0	1
E119V-N122I-N133Y-S136R-L194P-I245N-T248A-G263R	0	0	0	0	0	1
S137F-L194P	1	0	0	0	0	0
E123A-N126I-L194P	0	0	1	0	0	0
N122S-L194P-G256D	0	0	0	0	1	0
K158N-L194P	1	5	5	1	2	4
S149C-L194P-I252M	0	1	0	0	0	0
W153C-L194P-K259N	0	0	0	0	1	0
N122T-N126Y-Q132P-L194P-L244V	1	0	0	0	0	0
L194P-V223L-S228R-I260R	0	0	0	0	0	1
L194P-Q211P-I214L	0	0	0	0	0	1
L194P-I214N	10	14	4	2	1	3
I140T-F147L-F148S-L154S-L157P-F159L-Y161H-L164P-F174L-Y178H-I179T-V182A-F193L-L194P-Y195H-S199P-I202T-V213A	0	0	0	1	0	0
H156Y-L194P-R220K-W234R-G240R-S247G	0	0	0	0	0	1
N122T-L194P-I214N-S228R-I236R	1	0	0	0	0	0
T187M-L194P	0	8	2	2	1	3
F148I-L194P	0	0	0	0	0	1
N126T-N144K-L194P	0	0	0	0	1	0
T117P-L194P	4	5	0	3	1	8
E123K-L194P-I245S-K259R	0	0	1	0	0	0
L194P-S219A-S247N	0	1	0	0	0	0
E172A-L194P	2	2	2	0	2	1
T248I	0	0	0	0	1	0
Q211L	0	0	0	1	0	0
L194P-R208G-K259N	0	0	0	0	0	2
N171K-L194P-S247G	0	0	0	1	0	0
L194P-W234L-L251Q	0	0	0	0	1	0
N126Y-L194P-I260L	1	0	0	0	0	0
L194P-T235I-I260R	0	1	0	0	0	0
N122H-E123A-L194P-V237I	0	0	1	0	0	0
R141K-S143F-L194P-N216D	1	0	0	0	0	0
N122S-L194P	2	2	0	2	1	0
L194P-S228R-K259N-I260R	1	0	0	0	1	0
G134R-D188G-L194P	0	0	0	0	1	0
M168L-L194P-L251P	0	1	0	0	0	0
L194P-V237I-I252M	1	0	0	0	0	0
N121H-L251R	0	0	0	0	0	1
D175N-L194P	2	1	2	1	0	2
L194P-P254S-I260R	0	0	0	0	0	1
T135P-N145H-L194P-N250K-L251P-F258L-I260K	1	0	0	0	0	0
L194P-S228R-I242M-N246D-T248A-N250S-I252V	1	0	0	0	0	0
L194P-N216K-T235K	0	0	0	0	0	1
T135S-K173N-L194P	1	0	0	0	0	0
N121T-N189K-L194P	0	0	0	0	0	1
N126I-W127C-T135P-R142T-S143P-T155S-L194P	0	0	0	0	0	1
N121I-G186V-D190G	0	0	0	1	0	0
E119A-N121T-L194P-N246S	0	0	0	0	0	1
C139W-N145H-H183N-L194P-N250K-L251R-I260R	0	0	1	0	0	0
L194P-P227A	1	0	0	0	1	0
L194P-P227L	0	1	0	0	0	0
D190E	0	0	0	0	0	1
L194P-P227H	0	3	1	0	1	0
L194P-P227T	1	1	1	0	0	2
L194P-P227S	0	3	3	1	0	2
L194P-P227R	0	0	1	0	0	1
L194P-Q211P-S228R	1	0	0	0	0	0
E123A-L194P-G218R-I230M	0	0	1	0	0	0
L194P-T248K-I260R	1	0	0	0	0	0
L194P-S199T-I260R	0	0	0	0	0	1
N189S-L194P	0	1	0	0	1	1
K173N-G186V-D190G-L194P	0	0	0	0	1	0
E123A-I179V-L194P-F258L	0	0	0	0	0	1
T117R-L118R-F120G-N122K-S124R-F125G-N126K-W127G-T128R-V130G-T131R-Q132E-N133K-S136R-S137E-A138E-C139G-I140R-S143E-L151G-N152K-L154W-T155R-H156K-F159V-K160T-P162R-A163E-L164G-N165Y-L194P	0	1	0	0	0	0
E172V-L194P-S209N	0	1	0	0	0	0
K176N-L194P	0	1	0	0	0	1
S124N-N126Y-L194P	0	1	0	0	0	0
F159L-L194P-P254T-I260R	0	1	0	0	0	0
L194P-V213A-V223A-Y233H	0	0	0	0	0	1
D175G-L194P-N216S	0	1	0	0	0	0
N121T-L194P	9	24	8	7	10	17
L194P-K238E-S247G	0	1	0	0	0	0
L177F-L194P-K259N	0	0	1	0	0	0
E119A-L194P	4	8	2	4	2	8
R141S-L194P	1	1	0	1	0	2
S146R-L194P-K259N	0	0	1	0	0	0
W127C	0	0	0	1	0	0
G129R-L194P-T248P-K259N	0	1	0	0	0	0
L194P-N225K-I260R	0	1	0	0	0	0
N121H-T135S-N145H-L194P-L251R	0	0	0	0	0	1
T131A-L194P-K259N	0	0	0	0	0	1
F120I-L194P	0	0	1	0	0	0
T117P-L194P-F258L-I260R	0	1	0	0	0	0
T135P-L194P-D241E	0	0	0	0	0	1
N121H-T135P-N145H-L194P-I245M-N250K-L251R-I252M-I260R	0	0	0	0	0	1
H183L-L194P-I260R	0	0	0	0	0	1
S136C-K173Q-L194P-I260R	0	1	0	0	0	0
E123A-L194P-N250K-P254T-I260R	0	1	0	0	0	0
T117P-E123A-L194P-P254T	0	0	0	0	0	1
L194P-I236R-D241E	0	0	0	0	0	1
N121H-F147L-L194P-F258C	0	1	0	0	0	0
F125L-L194P-I260R	0	0	1	0	0	0
L194P-G200A	1	0	1	0	1	0
L194P-Y195H-N250K	0	0	0	0	0	1
L194P-N250K-F258L-I260R	0	0	0	0	0	2
E123D-E172A-L194P	0	0	0	0	0	1
K173N-G186V-D190G	0	1	0	0	0	0
H183L-L194P	0	3	0	0	1	2
N121H-L194P-K259R	0	0	0	0	0	1
L194P-S228R-I232S	0	1	0	0	0	0
L194P-G200R	1	2	0	0	0	0
G129R-L194P-R208G	0	0	0	0	0	1
L194P-G200V	0	0	0	1	1	0
L194P-I232S-L244M	0	0	0	0	0	1
L194P-S228R-K238T-L251R-K259N	1	0	0	0	0	0
L118P-N126Y-L194P	1	0	0	0	0	0
N121H-L194P-G218R	0	2	0	0	0	0
N126H-L194P	0	0	0	0	0	2
L194P-I245S	0	1	0	0	0	1
F125S-L194P-I214T-P254T	0	0	0	1	0	0
K158N-L194P-N225K-R229I-N250D-K259N	0	0	0	0	0	1
V166A-L194P-F258L	0	1	0	0	0	0
N121H-E123A-H183L-L194P	0	0	0	0	0	1
W180L-L194P	3	2	0	0	0	2
L194P-Q210H-K259N	0	0	1	1	0	0
L157S-L194P-T235K	0	0	0	1	0	0
A196T-N225K	0	0	0	0	1	0
N145H-L194P-I245M-I260R	0	0	0	1	0	0
L194P-V213G	7	9	5	2	2	12
E123G-L194P-I260R	0	1	0	1	0	0
L194P-V213E	1	0	2	0	0	1
L194P-T248P-K259N	0	0	1	1	0	1
L194P-V213A	1	1	0	0	1	1
L194P-S228R-I245F	0	1	0	0	0	0
L194P-V213L	3	0	0	0	1	5
S146R-L177M-L194P	0	0	0	0	1	0
W127L-L194P-F258I	0	0	0	0	0	1
L194P-V213I	0	2	1	0	0	3
G186V-D190N-Q197H	0	0	0	1	0	0
S137P-L194P	2	1	2	0	1	0
K160N-L194P-I232S	0	1	0	0	0	0
L194P-W234C-K259N	0	0	0	0	0	1
S149T-L194P	0	0	0	0	0	1
N126Y-T187M-L194P	0	0	0	0	1	0
N126Y-L194P-T212A	0	0	1	0	0	0
N171Y-L194P	0	0	1	0	0	0
S124I-L194P	0	0	0	0	0	1
L194P-S228R-S247R-T248P-K259N	0	1	0	0	0	0
N126Y-E172K-L194P	0	0	1	0	0	0
N126Y-L194P-T212P	0	1	0	0	0	0
F125S-G186V-D190N	0	1	0	0	0	0
N133Y-L194P-W234C-K238N-I242L-L243V-K264N	1	0	0	0	0	0
N126Y-T135S-L194P-I214L	1	0	0	0	0	0
E123D-L194P-I260R	0	0	0	0	1	1
N133Y-L194P-R222K	0	0	0	1	0	0
E119A-N121P-N122P-E123A-N126T-Q132H-N133H-G134F-T135P-S136R-N144H-N145P-S146L-S149L-H156P-L157F-K158P-K160T-L194P	1	0	0	0	0	0
N121H-N126T-L194P-I260R	0	1	0	1	0	0
L194P-L251R-K259N	0	1	0	0	0	0
N122T-T135P-L194P-R222G-S228G	1	0	0	0	0	0
L194P-Q210K-P221T-I226V-L243R	0	0	0	0	0	1
T128P-S136R-L194P	0	0	0	0	1	0
T135P-N145H-E172K-L194P-L251R-I252M-I260R	0	1	0	0	0	0
Y178C	0	0	0	0	1	0
L177M-L194P	0	2	0	0	0	0
L194P-R220S	0	2	0	0	0	2
N133H-L194P-F258Y	0	0	0	0	1	0
K158R-Y178F-L194P	0	0	0	0	0	1
M168V-L194P	2	1	0	2	0	1
F159L-L194P-I260R	0	1	0	0	0	1
E123A-D175V-L194P	1	0	0	0	0	0
L194P-N216T	0	0	0	1	0	1
L194P-R220G	0	6	0	2	0	2
L194P-R220I	0	2	0	0	0	0
L194P-R220K	0	2	2	2	2	1
L157S-L194P-F258L	1	0	0	0	0	0
T131A-L194P	1	0	1	0	1	0
L194P-S228R-S247R-K259Q	0	0	0	0	1	0
L194P-P215S-P227L	0	0	0	0	0	1
K160N-L194P-S228R-K238T-G249R	0	0	1	0	0	0
S136N-L194P	1	3	0	1	0	1
A138D-L194P	0	2	0	0	0	0
L194P-K264I	1	0	0	0	0	1
N126T-L194P-I252M	0	1	0	0	0	0
L194P-I232S-I260M	0	0	0	0	1	0
L194P-I230K-S231N	1	0	0	0	0	0
L194P-V213I-P221A	0	1	0	0	0	0
L151V-N152K-F159V-L164W-E172A-L194P	0	0	0	0	0	1
L194P-V213A-V223A	0	1	0	0	0	0
N121H-W127C-L194P-Y257H	0	0	0	1	0	0
W127L-L157V-L194P-I230K-I245V-N246D	0	1	0	0	0	0
D190Y-L194P	0	2	1	0	0	0
S149G-D175G-L194P	0	1	0	0	0	0
N170S-L194P-I260R	0	0	1	0	0	1
N133Y-P162L-L194P	0	0	0	1	0	0
N121I-L194P-T206N	1	0	0	0	0	0
L194P-I236V-K238R	0	1	0	0	0	0
F159V-A163E-L164G-L194P	0	0	1	0	0	0
K173Q-L194P-Q211H-T212P-N216K-G218V-N225K	0	1	0	0	0	0
H156P-L194P	0	1	0	1	0	0
L194P-N216K-P221R	0	0	0	1	0	0
L194P-I214L-S262N	0	1	0	0	0	0
L164S-L194P-I214M-S219Y-I230K	0	1	0	0	0	0
S146R-L251R-I252M-F258L	0	0	0	0	0	1
N126T-L194P-F258L	0	1	1	0	0	0
T117P-L194P-R208K-N216K-R255T-I260R	0	1	0	0	0	0
G186V-I260R	0	0	0	0	1	0
E123V-I140M-L194P	0	1	0	0	0	0
L194P-P221H-R261Q	0	1	0	0	0	0
N144I-L194P	1	0	0	0	1	2
L194P-I236K	1	0	0	0	0	1
H183N-L194P	0	1	0	0	0	0
R141S-L194P-A196T	0	0	0	0	0	1
