year	pos	mut	freq
2003	246	H246	0
2004	246	H246	0.125
2005	246	H246	0
2006	246	H246	0
2007	246	H246	0.0384615384615
2008	246	H246	0.176470588235
2009	246	H246	0
2010	246	H246	0
2011	246	H246	0
2012	246	H246	0.0441176470588
2013	246	H246	0.0212765957447
2014	246	H246	0.0625
2015	246	H246	0
2016	246	H246	0.0666666666667
2017	246	H246	0.0701754385965
2018	246	H246	0
2003	219	F219	0
2004	219	F219	0
2005	219	F219	0
2006	219	F219	0
2007	219	F219	0.0769230769231
2008	219	F219	0
2009	219	F219	0
2010	219	F219	0.0909090909091
2011	219	F219	0.0294117647059
2012	219	F219	0.0588235294118
2013	219	F219	0.255319148936
2014	219	F219	0
2015	219	F219	0
2016	219	F219	0
2017	219	F219	0
2018	219	F219	0
2003	156	Q156	0
2004	156	Q156	0
2005	156	Q156	0
2006	156	Q156	0.333333333333
2007	156	Q156	0
2008	156	Q156	0.117647058824
2009	156	Q156	0.030303030303
2010	156	Q156	0.151515151515
2011	156	Q156	0.0882352941176
2012	156	Q156	0.0588235294118
2013	156	Q156	0.0212765957447
2014	156	Q156	0.015625
2015	156	Q156	0
2016	156	Q156	0.0666666666667
2017	156	Q156	0
2018	156	Q156	0.0192307692308
2003	246	S246	0
2004	246	S246	0.25
2005	246	S246	0
2006	246	S246	0
2007	246	S246	0
2008	246	S246	0
2009	246	S246	0
2010	246	S246	0
2011	246	S246	0
2012	246	S246	0.0294117647059
2013	246	S246	0.0851063829787
2014	246	S246	0
2015	246	S246	0
2016	246	S246	0.266666666667
2017	246	S246	0.0350877192982
2018	246	S246	0.0192307692308
2003	194	P194	0
2004	194	P194	0
2005	194	P194	0
2006	194	P194	0
2007	194	P194	0.576923076923
2008	194	P194	0.294117647059
2009	194	P194	0.424242424242
2010	194	P194	0.30303030303
2011	194	P194	0.0294117647059
2012	194	P194	0.323529411765
2013	194	P194	0.36170212766
2014	194	P194	0.46875
2015	194	P194	0.535714285714
2016	194	P194	0.333333333333
2017	194	P194	0.649122807018
2018	194	P194	0.692307692308
2003	219	Y219	0.3
2004	219	Y219	0.125
2005	219	Y219	0
2006	219	Y219	0
2007	219	Y219	0
2008	219	Y219	0.0588235294118
2009	219	Y219	0
2010	219	Y219	0.0909090909091
2011	219	Y219	0.0588235294118
2012	219	Y219	0.0441176470588
2013	219	Y219	0
2014	219	Y219	0
2015	219	Y219	0
2016	219	Y219	0
2017	219	Y219	0
2018	219	Y219	0
2003	183	L183	0
2004	183	L183	0
2005	183	L183	0
2006	183	L183	0.333333333333
2007	183	L183	0.0384615384615
2008	183	L183	0.0588235294118
2009	183	L183	0.30303030303
2010	183	L183	0
2011	183	L183	0.0882352941176
2012	183	L183	0.0441176470588
2013	183	L183	0
2014	183	L183	0
2015	183	L183	0
2016	183	L183	0
2017	183	L183	0.0175438596491
2018	183	L183	0.0769230769231
2003	186	V186	0.3
2004	186	V186	0.5
2005	186	V186	0.666666666667
2006	186	V186	0.333333333333
2007	186	V186	0.192307692308
2008	186	V186	0.529411764706
2009	186	V186	0.030303030303
2010	186	V186	0.181818181818
2011	186	V186	0.117647058824
2012	186	V186	0.382352941176
2013	186	V186	0.553191489362
2014	186	V186	0.15625
2015	186	V186	0
2016	186	V186	0.0666666666667
2017	186	V186	0.122807017544
2018	186	V186	0.0961538461538
2003	156	R156	0
2004	156	R156	0
2005	156	R156	0
2006	156	R156	0
2007	156	R156	0
2008	156	R156	0.0588235294118
2009	156	R156	0
2010	156	R156	0
2011	156	R156	0.0294117647059
2012	156	R156	0.0588235294118
2013	156	R156	0.063829787234
2014	156	R156	0.046875
2015	156	R156	0
2016	156	R156	0.0666666666667
2017	156	R156	0.0175438596491
2018	156	R156	0.0192307692308
