eggmut	count
V186	15
P194	12
Q156	10
H246	8
L183	8
R156	8
S246	6
Y219	6
F219	5
T246	4
S138	4
S162	4
R186	4
I194	4
K140	3
Y279	3
N193	3
Y188	3
D186	3
M194	3
G190	3
S186	3
S193	3
T0	3
S226	2
V418	2
T522	2
I182	2
L437	2
F358	2
N190	2
S144	2
T226	2
A167	2
A160	2
D49	2
H195	2
S159	2
K269	2
D171	2
L462	2
T198	2
T196	2
V196	2
I112	2
M347	2
I297	2
A128	2
A190	2
V406	1
T483	1
T400	1
S-1	1
H221	1
K220	1
E386	1
H227	1
A135	1
E32	1
L534	1
Q140	1
N489	1
Q261	1
H-7	1
H57	1
V530	1
K142	1
K144	1
K145	1
G142	1
V5	1
S0	1
N271	1
T386	1
A186	1
M478	1
I268	1
T312	1
I309	1
I144	1
S135	1
K158	1
S133	1
D122	1
E504	1
S395	1
K506	1
K222	1
A442	1
P198	1
N117	1
K246	1
R160	1
L346	1
K165	1
R472	1
Q324	1
L260	1
E484	1
S493	1
M260	1
J34	1
L435	1
V34	1
A-2	1
E241	1
T93	1
A-13	1
N188	1
Y122	1
V476	1
I248	1
S63	1
Y353	1
E173	1
Y355	1
I204	1
Y193	1
S157	1
R193	1
I43	1
Y-4	1
S372	1
T521	1
G291	1
K1	1
D275	1
F183	1
V374	1
N225	1
S19	1
D506	1
V25	1
F529	1
R453	1
S93	1
S275	1
E186	1
H487	1
V144	1
S416	1
S278	1
S96	1
S214	1
I15	1
A413	1
V515	1
Y56	1
N9	1
N487	1
D246	1
N124	1
M30	1
S189	1
N7	1
I186	1
V217	1
I226	1
K450	1
G172	1
K193	1
I88	1
G209	1
E450	1
G201	1
S31	1
L501	1
K299	1
R124	1
V194	1
E163	1
V190	1
S190	1
G119	1
N156	1
Q164	1
V223	1
A10	1
T267	1
G124	1
N45	1
L525	1
I6	1
H33	1
K126	1
T107	1
K280	1
R50	1
D159	1
R326	1
L520	1
I203	1
A328	1
P304	1
G225	1
R-4	1
I490	1
N54	1
H155	1
N53	1
E479	1
E276	1
N411	1
D144	1
T508	1
